user_id,product_id,quantity,price_paid,discount_applied,purchase_date,payment_method,email_sent,email_clicked,completed_from_email
user_97,prod_30,4,205.79,BOGO,2025-02-27T17:58:00.031858,credit_card,1,0,0
user_143,prod_37,3,75.18,20%,2025-04-29T17:07:16.742967,credit_card,1,0,1
user_128,prod_53,4,773.94,BOGO,2025-06-16T13:08:31.317166,paypal,1,1,1
user_81,prod_63,1,253.43,BOGO,2025-02-04T03:21:38.548207,credit_card,1,1,1
user_180,prod_11,4,610.86,10%,2025-05-15T11:00:04.320456,gift_card,1,0,1
user_186,prod_78,2,689.33,none,2025-03-17T16:34:22.338707,paypal,0,1,1
user_169,prod_23,4,473.88,none,2025-05-03T07:31:56.188765,paypal,0,1,1
user_172,prod_80,4,876.97,20%,2025-02-04T16:00:56.838710,credit_card,1,0,1
user_4,prod_50,3,446.58,BOGO,2025-02-07T21:15:04.713822,paypal,0,0,0
user_196,prod_85,3,288.48,BOGO,2025-03-14T16:40:34.815492,credit_card,1,1,1
user_135,prod_55,2,896.54,none,2025-03-25T06:11:30.740613,paypal,1,0,1
user_46,prod_55,1,862.26,20%,2025-01-15T00:05:25.110779,gift_card,1,0,1
user_9,prod_4,1,168.22,10%,2025-06-20T14:22:19.951986,credit_card,1,1,1
user_161,prod_97,4,30.83,10%,2025-04-21T22:42:44.491907,gift_card,0,1,1
user_33,prod_54,1,94.54,10%,2025-04-10T03:29:05.057296,credit_card,0,1,1
user_84,prod_61,3,290.11,BOGO,2025-04-21T08:45:22.976133,gift_card,1,0,0
user_132,prod_78,2,972.4,20%,2025-04-01T13:56:40.416982,gift_card,0,1,1
user_65,prod_83,2,560.72,none,2025-01-31T09:12:32.128249,paypal,1,0,1
user_106,prod_5,3,376.4,BOGO,2025-02-22T02:48:04.432979,credit_card,0,1,0
user_34,prod_100,2,889.27,BOGO,2025-03-02T06:34:07.438319,paypal,1,0,0
user_85,prod_95,4,455.87,10%,2025-03-29T10:51:40.108861,gift_card,1,0,1
user_88,prod_18,2,318.66,20%,2025-03-26T09:00:39.713112,credit_card,1,1,1
user_192,prod_44,1,941.51,20%,2025-04-25T06:43:55.047647,gift_card,0,0,1
user_153,prod_31,2,850.27,10%,2025-05-04T04:00:40.551230,gift_card,0,1,0
user_55,prod_94,2,844.45,10%,2025-01-16T00:46:49.921631,gift_card,1,1,0
user_137,prod_21,3,514.72,10%,2025-07-01T04:02:41.024394,gift_card,0,0,1
user_17,prod_47,3,790.49,BOGO,2025-01-14T04:08:06.155873,paypal,0,0,1
user_149,prod_30,1,183.46,BOGO,2025-05-06T19:09:11.383021,gift_card,0,0,0
user_188,prod_55,3,575.36,BOGO,2025-06-02T23:19:59.747298,paypal,0,1,0
user_141,prod_68,1,983.93,none,2025-05-03T00:11:03.663307,gift_card,0,1,0
user_131,prod_69,4,294.5,none,2025-06-14T01:33:48.492935,credit_card,0,1,0
user_196,prod_41,1,795.38,20%,2025-04-13T14:47:44.776317,gift_card,0,1,1
user_4,prod_45,2,493.03,10%,2025-05-03T16:33:15.319407,gift_card,0,1,0
user_7,prod_74,1,44.61,10%,2025-01-05T07:34:52.833690,credit_card,0,1,0
user_26,prod_91,4,764.2,BOGO,2025-02-24T15:28:59.091228,credit_card,0,0,1
user_24,prod_80,2,172.73,none,2025-02-26T09:34:50.587578,gift_card,0,1,0
user_10,prod_30,1,633.32,10%,2025-06-24T05:45:31.206221,gift_card,0,1,1
user_13,prod_77,3,90.24,20%,2025-03-13T06:09:45.579749,paypal,0,1,0
user_125,prod_100,3,947.13,10%,2025-04-12T23:59:41.644328,credit_card,1,1,1
user_172,prod_85,3,295.27,BOGO,2025-07-06T03:44:26.677604,credit_card,1,0,0
user_39,prod_45,1,230.33,BOGO,2025-01-28T22:14:33.180439,paypal,0,0,1
user_147,prod_45,1,133.49,none,2025-02-26T14:26:51.645659,gift_card,0,0,1
user_179,prod_79,4,946.27,20%,2025-05-24T12:13:55.082178,gift_card,0,1,0
user_19,prod_84,2,713.34,20%,2025-02-25T07:47:28.914555,credit_card,1,1,1
user_76,prod_84,2,742.95,10%,2025-03-01T09:03:58.039070,paypal,1,1,1
user_52,prod_45,2,501.91,20%,2025-04-16T19:40:08.440124,gift_card,0,0,0
user_175,prod_55,2,477.35,10%,2025-01-17T05:04:56.966189,credit_card,0,1,1
user_120,prod_59,1,114.47,10%,2025-01-30T08:02:38.412066,gift_card,0,1,1
user_158,prod_5,1,562.04,none,2025-06-15T14:59:26.763271,gift_card,0,0,0
user_46,prod_32,4,250.68,20%,2025-06-04T17:10:55.993019,gift_card,0,0,0
user_149,prod_6,2,977.26,BOGO,2025-05-05T09:10:08.446162,credit_card,1,1,1
user_75,prod_94,1,797.6,10%,2025-03-15T02:44:21.308640,paypal,0,0,1
user_124,prod_26,1,415.93,10%,2025-04-24T09:15:43.011932,paypal,1,1,1
user_48,prod_37,1,155.58,10%,2025-06-02T00:29:35.235560,gift_card,0,1,1
user_62,prod_13,1,786.41,20%,2025-05-02T12:50:43.767017,paypal,0,0,1
user_58,prod_93,2,126.44,20%,2025-03-30T21:23:39.949409,gift_card,1,1,0
user_18,prod_69,2,193.39,20%,2025-04-23T15:08:52.916344,credit_card,1,0,1
user_108,prod_25,1,215.46,10%,2025-01-22T01:19:58.630982,credit_card,0,0,0
user_187,prod_13,3,559.11,BOGO,2025-03-14T06:45:19.363225,credit_card,1,1,0
user_48,prod_88,4,788.12,BOGO,2025-03-28T00:46:58.188190,gift_card,0,0,0
user_63,prod_95,2,317.74,20%,2025-01-12T15:58:10.184245,paypal,1,1,0
user_12,prod_20,2,89.25,BOGO,2025-04-01T19:13:32.518652,credit_card,1,1,1
user_34,prod_72,3,467.22,10%,2025-01-30T09:14:45.271762,gift_card,0,0,1
user_189,prod_60,2,749.37,20%,2025-06-16T09:34:58.533931,paypal,0,0,1
user_102,prod_73,3,225.56,20%,2025-02-15T20:06:59.203759,paypal,1,0,0
user_87,prod_21,3,223.82,10%,2025-01-12T12:48:09.627502,paypal,0,1,0
user_181,prod_61,1,947.49,20%,2025-03-31T10:42:53.612972,gift_card,1,1,1
user_25,prod_84,2,954.38,10%,2025-01-25T11:32:02.786738,gift_card,1,1,0
user_190,prod_79,4,990.51,20%,2025-04-03T04:23:31.964890,gift_card,0,1,1
user_132,prod_26,3,808.62,BOGO,2025-04-12T02:41:46.613391,credit_card,1,1,0
user_141,prod_54,4,192.24,20%,2025-01-16T00:04:19.305891,gift_card,0,1,0
user_170,prod_42,1,215.92,20%,2025-02-11T08:21:49.696682,credit_card,0,1,0
user_49,prod_11,2,343.52,20%,2025-05-07T03:52:06.354565,credit_card,1,0,0
user_78,prod_37,1,321.54,none,2025-01-06T03:06:32.913518,credit_card,0,1,0
user_184,prod_11,1,956.75,BOGO,2025-03-17T14:35:43.906022,gift_card,1,1,0
user_175,prod_27,4,790.13,10%,2025-05-31T15:27:21.867268,credit_card,1,0,0
user_136,prod_94,4,725.39,none,2025-04-08T00:01:30.535080,gift_card,0,1,1
user_55,prod_83,3,190.03,BOGO,2025-05-30T04:41:57.088958,gift_card,0,1,1
user_18,prod_34,2,909.98,20%,2025-04-15T20:07:28.130819,credit_card,1,0,0
user_35,prod_38,1,828.73,20%,2025-03-12T18:06:50.184608,credit_card,0,1,0
user_160,prod_61,3,167.82,10%,2025-04-01T09:03:50.143159,credit_card,1,0,1
user_152,prod_87,3,871.81,10%,2025-06-01T12:51:11.407439,gift_card,1,1,0
user_7,prod_53,1,275.89,BOGO,2025-03-21T05:01:06.885211,gift_card,1,1,1
user_13,prod_65,1,85.47,BOGO,2025-02-12T16:01:51.702638,credit_card,1,0,1
user_126,prod_3,3,658.54,10%,2025-05-15T01:37:41.708952,credit_card,1,0,1
user_112,prod_67,1,655.54,BOGO,2025-01-15T14:38:45.953775,paypal,0,1,1
user_69,prod_28,1,99.46,10%,2025-03-29T09:57:59.654354,credit_card,1,1,1
user_100,prod_14,4,322.26,20%,2025-01-31T11:03:38.270058,paypal,1,0,0
user_90,prod_52,2,992.85,10%,2025-05-12T17:30:55.526162,paypal,1,1,0
user_42,prod_30,3,680.03,none,2025-01-05T02:35:10.763762,gift_card,1,0,1
user_109,prod_58,1,731.42,10%,2025-05-20T06:10:22.414529,gift_card,1,0,0
user_159,prod_54,3,216.85,10%,2025-06-09T19:30:37.108886,paypal,1,0,1
user_110,prod_69,2,83.39,none,2025-04-20T19:21:16.922014,paypal,0,1,0
user_26,prod_15,3,280.52,none,2025-01-12T17:45:14.518636,credit_card,0,1,0
user_76,prod_38,3,252.65,none,2025-05-24T16:04:52.582722,paypal,1,1,0
user_32,prod_78,3,238.37,none,2025-06-29T23:52:39.889319,credit_card,1,0,0
user_91,prod_14,4,196.79,10%,2025-03-16T08:53:32.341325,gift_card,1,1,0
user_125,prod_57,2,576.88,BOGO,2025-05-14T01:19:19.111817,credit_card,0,0,0
user_126,prod_59,2,331.46,none,2025-04-24T13:04:16.286087,gift_card,1,0,0
user_52,prod_8,3,821.24,20%,2025-02-03T21:56:29.623271,paypal,1,1,0
user_148,prod_72,3,188.03,10%,2025-02-18T15:22:08.637653,paypal,1,1,1
user_103,prod_19,2,467.3,BOGO,2025-07-02T10:47:40.434137,paypal,1,0,1
user_105,prod_32,1,18.59,20%,2025-01-13T06:20:22.034839,credit_card,1,1,0
user_168,prod_95,4,484.27,10%,2025-02-15T07:36:35.671236,gift_card,1,0,0
user_187,prod_29,2,60.56,10%,2025-05-09T00:53:25.848763,gift_card,0,1,0
user_14,prod_41,3,977.83,20%,2025-02-15T20:11:20.865939,gift_card,1,0,1
user_172,prod_75,1,791.64,none,2025-06-05T06:18:54.681460,gift_card,1,1,0
user_104,prod_45,1,492.66,none,2025-01-10T04:42:28.921715,gift_card,1,0,0
user_117,prod_13,1,91.15,20%,2025-04-24T16:29:58.607588,credit_card,1,1,1
user_48,prod_27,4,594.48,BOGO,2025-02-05T12:37:14.860227,gift_card,1,0,1
user_93,prod_19,4,759.97,none,2025-03-31T22:13:03.894045,paypal,1,0,1
user_171,prod_26,2,194.76,10%,2025-05-16T10:13:25.658343,gift_card,1,0,0
user_144,prod_53,2,570.37,10%,2025-06-27T10:09:53.417602,paypal,1,0,1
user_110,prod_51,2,815.14,BOGO,2025-02-23T18:42:59.053541,credit_card,1,0,0
user_163,prod_37,2,769.41,10%,2025-05-25T13:41:19.670277,credit_card,0,0,1
user_53,prod_9,3,803.98,none,2025-06-28T17:53:25.403084,paypal,0,1,0
user_162,prod_92,4,879.93,BOGO,2025-05-17T13:42:13.313328,gift_card,0,0,0
user_3,prod_96,1,937.99,none,2025-04-18T17:18:27.210471,credit_card,1,0,0
user_68,prod_52,3,408.49,BOGO,2025-06-26T10:40:08.667575,credit_card,0,1,1
user_133,prod_54,2,570.93,20%,2025-03-16T20:17:03.804736,credit_card,0,1,0
user_138,prod_3,2,791.71,10%,2025-03-13T02:27:01.213600,gift_card,0,0,0
user_52,prod_96,3,698.65,BOGO,2025-04-11T19:38:44.811840,paypal,0,1,0
user_157,prod_69,1,995.54,20%,2025-04-23T20:30:24.663025,paypal,1,1,1
user_96,prod_8,4,18.61,none,2025-06-27T06:41:31.880278,gift_card,0,0,0
user_31,prod_14,4,358.36,20%,2025-04-29T14:09:31.101004,credit_card,0,0,0
user_66,prod_3,1,284.62,none,2025-05-20T06:58:31.849813,gift_card,1,1,0
user_91,prod_24,4,266.0,BOGO,2025-05-30T22:44:36.477318,gift_card,0,1,0
user_69,prod_13,2,226.42,BOGO,2025-06-03T04:45:38.067807,paypal,1,1,1
user_165,prod_43,2,710.58,10%,2025-07-07T06:30:30.448540,gift_card,0,1,0
user_155,prod_29,2,89.34,10%,2025-05-10T03:40:39.503216,gift_card,0,1,1
user_87,prod_72,2,742.9,BOGO,2025-03-12T07:19:12.794453,credit_card,0,1,1
user_33,prod_51,1,694.96,none,2025-02-06T02:48:28.625842,credit_card,1,0,0
user_68,prod_42,4,254.55,none,2025-04-23T20:18:31.380595,paypal,0,1,1
user_187,prod_31,4,256.57,BOGO,2025-06-11T22:43:29.098351,credit_card,0,0,1
user_192,prod_63,3,630.72,none,2025-01-10T18:58:49.613428,gift_card,1,0,1
user_88,prod_26,1,763.36,BOGO,2025-07-05T07:31:17.613193,gift_card,0,1,0
user_172,prod_18,4,877.1,10%,2025-06-24T21:23:06.167958,gift_card,0,0,1
user_95,prod_82,4,852.88,none,2025-06-13T19:13:28.659119,paypal,0,1,1
user_108,prod_57,3,965.06,10%,2025-02-16T23:42:31.728622,credit_card,0,0,0
user_177,prod_7,2,583.48,20%,2025-05-23T08:12:08.702263,gift_card,0,1,0
user_53,prod_48,4,909.11,10%,2025-01-31T17:35:01.215428,credit_card,1,0,1
user_74,prod_80,2,809.47,20%,2025-07-06T00:46:18.308317,credit_card,1,1,1
user_49,prod_60,3,895.19,10%,2025-03-12T07:59:29.206495,credit_card,1,0,1
user_113,prod_33,4,16.57,10%,2025-03-21T10:04:30.552178,credit_card,0,1,0
user_114,prod_3,2,966.07,none,2025-03-04T04:05:55.637883,paypal,0,0,1
user_194,prod_4,1,476.16,10%,2025-03-29T18:43:15.201820,paypal,0,0,0
user_95,prod_100,2,799.19,BOGO,2025-05-06T00:45:49.478703,paypal,0,0,1
user_191,prod_4,2,131.57,none,2025-06-19T20:24:44.150072,gift_card,0,1,1
user_25,prod_42,2,398.96,none,2025-02-02T00:55:21.861056,gift_card,1,1,0
user_132,prod_9,2,275.1,none,2025-01-26T01:33:19.793619,gift_card,1,1,1
user_179,prod_51,1,295.2,10%,2025-04-19T12:38:03.370059,paypal,1,1,0
user_139,prod_17,3,127.64,none,2025-02-12T08:51:24.246242,credit_card,0,1,1
user_145,prod_17,2,806.74,20%,2025-06-22T17:09:06.898289,paypal,1,0,0
user_108,prod_97,2,14.2,20%,2025-02-27T10:27:31.203319,gift_card,1,1,0
user_194,prod_20,4,315.94,10%,2025-04-27T20:08:07.986792,gift_card,1,1,1
user_198,prod_14,4,178.54,none,2025-02-15T06:38:11.684629,credit_card,1,0,0
user_69,prod_22,1,591.09,BOGO,2025-04-16T00:55:36.122971,paypal,0,1,1
user_84,prod_52,1,257.98,BOGO,2025-06-10T04:11:07.667030,credit_card,0,1,0
user_157,prod_27,1,262.7,20%,2025-01-26T23:42:11.466729,paypal,1,1,0
user_85,prod_43,4,490.9,10%,2025-01-30T11:50:25.457605,gift_card,1,1,0
user_119,prod_3,2,654.43,10%,2025-06-06T11:23:32.819326,credit_card,1,1,1
user_72,prod_88,4,125.7,10%,2025-01-01T01:41:03.859143,credit_card,1,1,0
user_20,prod_94,3,179.63,10%,2025-07-02T00:41:03.319147,paypal,1,0,0
user_27,prod_8,1,250.94,10%,2025-05-15T17:38:03.405790,paypal,1,1,0
user_8,prod_86,1,973.88,none,2025-05-14T01:20:55.512082,paypal,1,1,1
user_85,prod_89,1,400.17,none,2025-03-21T03:21:39.564624,gift_card,1,1,1
user_61,prod_10,3,601.0,none,2025-02-03T00:48:56.876531,paypal,1,0,0
user_156,prod_29,2,245.34,BOGO,2025-05-30T21:29:11.519559,gift_card,0,0,0
user_198,prod_40,2,493.01,none,2025-06-08T23:36:51.530526,paypal,1,0,1
user_3,prod_65,2,78.75,10%,2025-02-10T15:44:32.291451,paypal,0,0,0
user_197,prod_21,1,39.57,10%,2025-02-11T22:07:26.596535,gift_card,0,1,0
user_7,prod_24,2,471.39,BOGO,2025-01-19T04:06:25.754708,paypal,1,0,0
user_188,prod_73,4,401.67,BOGO,2025-02-05T23:30:43.603266,gift_card,1,1,0
user_4,prod_60,1,141.2,20%,2025-03-16T15:59:32.368621,gift_card,0,1,0
user_133,prod_26,3,689.16,BOGO,2025-05-13T13:02:01.220981,paypal,0,1,0
user_139,prod_9,3,992.94,20%,2025-03-31T11:16:44.507182,paypal,1,0,1
user_125,prod_20,2,398.67,none,2025-03-19T09:32:46.879548,credit_card,0,1,0
user_15,prod_56,1,626.44,10%,2025-03-28T09:37:39.538161,paypal,1,0,0
user_192,prod_99,4,963.16,20%,2025-03-02T21:06:45.109987,credit_card,1,1,1
user_13,prod_36,4,832.38,20%,2025-04-16T03:15:46.847776,paypal,0,0,1
user_118,prod_36,1,466.23,20%,2025-05-25T21:10:37.754944,gift_card,1,0,1
user_7,prod_73,2,738.8,BOGO,2025-04-11T07:13:50.761982,gift_card,0,1,1
user_104,prod_22,3,132.49,BOGO,2025-03-13T15:10:07.456783,credit_card,1,1,0
user_6,prod_1,3,514.54,BOGO,2025-02-03T19:51:07.446081,paypal,1,1,1
user_184,prod_69,4,282.66,20%,2025-01-28T20:52:07.984286,credit_card,0,0,0
user_64,prod_73,4,165.36,none,2025-04-13T10:59:29.926888,paypal,0,0,1
user_178,prod_37,4,429.15,10%,2025-04-15T19:01:52.613418,paypal,1,0,1
user_30,prod_83,3,135.36,BOGO,2025-03-01T01:51:32.970306,gift_card,1,1,1
user_22,prod_72,4,700.49,none,2025-05-15T08:49:51.605499,credit_card,0,0,0
user_153,prod_96,3,458.96,BOGO,2025-05-30T20:34:55.230046,gift_card,1,1,1
user_156,prod_13,3,533.49,BOGO,2025-03-21T19:24:17.613644,gift_card,0,0,1
user_118,prod_84,2,150.64,20%,2025-04-08T16:40:10.515919,gift_card,0,0,1
user_84,prod_100,2,144.07,20%,2025-04-24T09:08:11.280272,credit_card,0,0,0
user_167,prod_43,2,585.5,BOGO,2025-06-16T03:43:08.018772,paypal,1,1,0
user_195,prod_37,4,985.08,10%,2025-06-24T20:36:46.351858,paypal,0,1,1
user_133,prod_94,3,100.77,BOGO,2025-01-28T18:07:16.914770,credit_card,1,1,0
user_193,prod_74,4,289.3,10%,2025-03-29T22:08:15.709594,paypal,0,0,1
user_143,prod_95,3,870.11,none,2025-05-29T08:50:24.620454,credit_card,1,0,0
user_90,prod_25,2,76.91,BOGO,2025-05-18T21:22:29.407378,credit_card,1,0,1
user_195,prod_93,2,876.51,10%,2025-01-14T03:24:06.116003,paypal,0,0,0
user_168,prod_88,4,526.66,none,2025-03-10T06:37:04.289742,gift_card,0,1,1
user_121,prod_21,3,411.23,none,2025-03-17T15:01:10.859464,credit_card,0,0,0
user_106,prod_41,4,313.13,20%,2025-02-22T14:24:20.762125,credit_card,1,0,0
user_69,prod_73,1,300.63,none,2025-03-01T01:06:03.791028,credit_card,1,1,1
user_95,prod_42,4,309.27,20%,2025-05-27T01:23:34.104091,credit_card,1,1,1
user_77,prod_42,2,885.38,none,2025-04-13T12:41:58.464052,paypal,0,1,0
user_171,prod_2,3,725.18,none,2025-01-04T17:07:43.247545,paypal,0,0,1
user_1,prod_68,3,671.37,10%,2025-01-24T11:54:23.078482,credit_card,0,1,1
user_150,prod_8,4,799.76,10%,2025-01-04T13:15:41.235571,gift_card,0,0,1
user_62,prod_96,2,260.83,20%,2025-05-17T15:08:38.780446,paypal,0,1,1
user_154,prod_61,1,619.95,BOGO,2025-01-27T19:45:01.110190,gift_card,1,0,0
user_18,prod_14,4,462.77,10%,2025-02-12T23:00:30.514529,gift_card,0,0,1
user_48,prod_77,3,783.53,none,2025-03-14T07:49:46.987651,credit_card,1,0,0
user_137,prod_21,2,312.71,20%,2025-03-07T13:22:33.408562,paypal,0,0,0
user_1,prod_24,3,644.96,20%,2025-02-21T04:46:13.576585,credit_card,0,0,1
user_137,prod_50,3,882.8,20%,2025-03-11T05:04:23.919243,credit_card,0,0,1
user_151,prod_82,3,405.14,none,2025-02-15T02:09:16.539833,gift_card,0,1,0
user_107,prod_45,3,71.29,10%,2025-03-26T10:29:09.320394,gift_card,0,0,1
user_173,prod_64,1,518.47,BOGO,2025-02-22T15:52:31.860776,gift_card,1,0,1
user_130,prod_64,2,349.24,20%,2025-02-09T09:34:22.401029,credit_card,0,0,0
user_142,prod_26,4,673.86,none,2025-03-01T19:31:51.817416,credit_card,1,0,0
user_38,prod_32,2,951.28,10%,2025-04-11T10:24:48.504946,credit_card,1,1,0
user_40,prod_57,2,488.18,10%,2025-04-07T18:54:34.752664,credit_card,1,0,1
user_191,prod_53,2,468.86,BOGO,2025-02-10T19:54:29.340356,credit_card,1,0,1
user_82,prod_33,4,656.31,20%,2025-05-24T02:54:45.986546,credit_card,0,1,0
user_16,prod_52,2,107.98,none,2025-05-06T07:13:43.048201,credit_card,0,0,0
user_127,prod_95,4,257.24,10%,2025-04-06T13:53:32.760715,credit_card,0,1,1
user_117,prod_18,4,919.38,none,2025-02-10T14:58:52.707617,paypal,0,0,1
user_93,prod_35,1,671.59,10%,2025-02-01T14:46:33.632586,paypal,0,0,1
user_134,prod_12,3,18.38,20%,2025-02-22T19:35:57.890822,paypal,1,1,0
user_3,prod_51,4,208.6,20%,2025-03-07T11:47:37.679130,paypal,0,1,1
user_14,prod_89,3,684.42,BOGO,2025-02-12T02:35:50.769007,credit_card,0,1,1
user_66,prod_95,2,765.58,10%,2025-02-04T06:43:34.648924,credit_card,1,0,0
user_95,prod_10,3,840.66,none,2025-04-10T16:42:41.508708,gift_card,0,1,1
user_86,prod_52,3,295.72,10%,2025-01-24T21:05:45.960953,gift_card,0,1,0
user_195,prod_34,3,931.37,none,2025-02-11T17:02:18.560817,paypal,1,0,1
user_114,prod_67,2,555.18,BOGO,2025-01-21T01:36:10.155054,gift_card,0,0,0
user_159,prod_39,2,698.06,10%,2025-05-29T16:38:51.161809,paypal,1,0,0
user_161,prod_8,4,598.76,20%,2025-01-28T21:31:52.559794,credit_card,1,1,0
user_129,prod_96,4,127.13,none,2025-06-20T03:35:12.681354,credit_card,0,0,1
user_172,prod_29,1,963.3,20%,2025-05-19T08:31:43.173557,gift_card,1,1,1
user_15,prod_22,2,127.26,BOGO,2025-05-08T11:34:38.005093,credit_card,0,1,1
user_37,prod_84,1,258.61,BOGO,2025-01-25T23:19:03.183850,credit_card,0,1,1
user_155,prod_70,2,814.56,none,2025-03-23T21:45:29.327052,paypal,0,1,0
user_176,prod_61,3,620.5,10%,2025-01-21T15:39:30.145150,gift_card,1,0,1
user_27,prod_43,1,838.96,20%,2025-03-18T18:07:34.495043,credit_card,1,0,1
user_12,prod_49,1,518.16,20%,2025-06-13T16:56:21.122959,gift_card,1,1,0
user_67,prod_29,1,380.11,none,2025-04-10T09:00:05.699093,credit_card,1,1,0
user_30,prod_81,2,922.24,none,2025-04-20T06:41:04.028174,paypal,1,0,0
user_96,prod_31,4,41.07,none,2025-07-07T01:00:53.758026,credit_card,1,0,0
user_194,prod_53,1,856.85,BOGO,2025-03-08T22:08:09.594227,gift_card,1,1,1
user_135,prod_34,4,234.66,BOGO,2025-05-18T08:57:37.737917,gift_card,1,1,0
user_34,prod_38,2,849.49,20%,2025-04-15T21:40:34.715876,paypal,1,1,1
user_32,prod_57,1,143.5,10%,2025-07-01T01:58:59.788187,credit_card,1,1,1
user_117,prod_4,2,582.32,none,2025-01-30T19:48:33.729404,paypal,1,1,0
user_39,prod_2,4,888.67,BOGO,2025-07-01T15:37:29.492103,gift_card,0,0,0
user_96,prod_12,4,476.17,10%,2025-04-16T16:08:37.283162,paypal,1,1,0
user_171,prod_35,1,747.83,none,2025-02-20T08:50:58.445806,credit_card,0,0,0
user_171,prod_70,4,805.65,10%,2025-04-01T18:36:53.017931,credit_card,0,1,0
user_131,prod_72,3,737.81,none,2025-04-20T01:04:10.671080,paypal,0,0,1
user_174,prod_21,3,925.7,10%,2025-02-20T10:46:01.192297,gift_card,0,1,0
user_160,prod_61,1,449.6,20%,2025-06-24T20:09:17.799361,gift_card,1,0,1
user_43,prod_35,2,177.26,none,2025-04-13T18:10:31.651450,paypal,0,0,0
user_81,prod_48,2,52.57,none,2025-04-29T11:30:11.088815,credit_card,0,1,1
user_3,prod_15,2,250.23,20%,2025-03-15T09:19:14.959120,credit_card,0,1,1
user_74,prod_71,3,147.48,none,2025-05-15T12:39:09.688224,credit_card,1,0,1
user_117,prod_15,4,560.16,none,2025-01-20T05:00:14.398031,credit_card,0,0,0
user_63,prod_6,3,189.02,BOGO,2025-06-07T15:50:25.769049,gift_card,0,0,0
user_111,prod_81,4,43.74,20%,2025-06-18T04:44:38.481079,credit_card,1,1,0
user_40,prod_68,3,40.81,BOGO,2025-06-23T22:14:30.712972,paypal,1,0,1
user_18,prod_22,2,832.41,20%,2025-03-06T11:31:37.508515,paypal,1,1,1
user_67,prod_32,2,593.49,10%,2025-05-28T07:09:00.921657,paypal,1,1,0
user_103,prod_22,2,361.29,20%,2025-01-14T07:12:11.253961,paypal,1,1,0
user_190,prod_27,1,894.76,20%,2025-04-26T15:35:55.252618,credit_card,1,1,1
user_138,prod_15,1,74.85,BOGO,2025-04-23T08:55:45.949081,gift_card,1,1,1
user_180,prod_44,4,980.42,none,2025-02-15T08:08:04.789446,credit_card,1,1,0
user_46,prod_86,1,618.21,20%,2025-05-02T02:22:22.826746,gift_card,1,0,0
user_55,prod_92,3,187.55,none,2025-07-03T12:51:35.193766,credit_card,0,0,0
user_174,prod_9,3,680.67,20%,2025-05-23T11:45:14.935845,gift_card,1,1,1
user_75,prod_34,4,764.56,BOGO,2025-02-24T17:12:43.926541,paypal,0,0,1
user_188,prod_100,4,432.2,20%,2025-03-19T08:10:18.092224,paypal,0,0,0
user_97,prod_73,2,862.32,10%,2025-01-09T06:20:12.612448,gift_card,1,1,0
user_26,prod_15,1,154.98,20%,2025-01-08T19:07:40.033697,gift_card,1,0,0
user_155,prod_62,2,282.44,20%,2025-04-05T12:36:31.531575,gift_card,1,1,0
user_166,prod_45,1,98.02,none,2025-02-16T09:25:20.503286,paypal,1,1,0
user_22,prod_84,1,214.82,none,2025-06-08T13:22:26.221281,paypal,0,1,1
user_26,prod_72,4,242.54,10%,2025-01-13T19:43:00.097381,credit_card,0,1,0
user_197,prod_58,2,918.05,20%,2025-01-08T15:09:20.631991,gift_card,1,0,1
user_163,prod_92,2,82.72,none,2025-01-22T12:51:27.032741,gift_card,0,0,1
user_194,prod_19,1,430.28,20%,2025-02-27T06:40:01.872213,gift_card,1,1,1
user_73,prod_16,1,534.74,BOGO,2025-01-25T22:35:28.355111,paypal,0,0,1
user_115,prod_75,4,899.2,BOGO,2025-06-20T00:37:05.420415,gift_card,0,1,1
user_51,prod_8,3,997.71,10%,2025-05-03T00:07:11.759987,gift_card,1,1,1
user_113,prod_33,2,754.62,BOGO,2025-05-08T03:16:24.136110,paypal,1,0,1
user_146,prod_74,2,970.94,none,2025-01-30T13:06:58.698971,gift_card,0,0,1
user_171,prod_18,4,788.17,none,2025-06-21T18:38:18.320270,credit_card,1,1,0
user_12,prod_35,4,963.39,10%,2025-06-13T20:05:00.665079,paypal,0,0,0
user_3,prod_43,2,708.73,20%,2025-01-05T03:00:54.028514,paypal,1,1,0
user_120,prod_50,2,84.36,none,2025-05-02T03:46:54.224719,paypal,1,1,0
user_135,prod_3,1,404.91,BOGO,2025-03-13T21:20:19.690951,credit_card,1,0,0
user_134,prod_91,3,648.36,none,2025-02-20T11:02:00.318069,paypal,1,1,1
user_82,prod_59,2,353.96,10%,2025-05-18T03:48:40.992203,paypal,1,0,1
user_45,prod_28,4,277.02,BOGO,2025-01-09T17:12:05.104939,paypal,1,1,1
user_127,prod_46,1,579.51,BOGO,2025-04-24T07:18:04.099790,paypal,1,1,1
user_86,prod_64,1,933.83,BOGO,2025-06-28T11:11:25.483803,credit_card,0,1,1
user_115,prod_70,4,39.81,10%,2025-05-03T17:53:25.475833,gift_card,1,1,0
user_167,prod_47,4,770.39,10%,2025-02-03T07:14:07.619758,gift_card,0,1,0
user_179,prod_14,1,724.11,20%,2025-05-27T18:36:26.991419,paypal,1,0,1
user_9,prod_7,4,964.13,20%,2025-01-09T08:40:41.544468,credit_card,0,1,0
user_151,prod_74,1,931.06,20%,2025-01-10T04:10:12.717906,paypal,1,0,0
user_12,prod_79,4,763.42,10%,2025-05-24T11:03:38.484114,gift_card,1,0,0
user_116,prod_31,1,522.81,BOGO,2025-01-27T07:01:45.302719,gift_card,0,0,0
user_88,prod_93,2,208.25,BOGO,2025-05-16T12:40:36.856292,credit_card,1,1,0
user_62,prod_81,2,547.51,none,2025-05-22T11:15:45.613263,gift_card,1,0,1
user_104,prod_51,4,766.53,20%,2025-03-22T00:21:58.370976,paypal,1,0,0
user_73,prod_29,3,896.19,BOGO,2025-05-16T08:40:37.366729,credit_card,1,0,0
user_77,prod_15,2,790.76,BOGO,2025-05-30T04:24:49.242277,gift_card,1,1,1
user_40,prod_90,1,199.29,BOGO,2025-06-29T06:44:33.004329,paypal,0,1,1
user_182,prod_76,3,601.69,BOGO,2025-01-27T15:01:48.671878,credit_card,1,1,1
user_135,prod_25,1,335.51,10%,2025-06-04T16:07:21.668320,paypal,0,1,1
user_17,prod_61,1,14.16,20%,2025-02-24T14:08:25.069761,gift_card,0,0,1
user_119,prod_41,2,204.22,BOGO,2025-06-05T22:58:05.932236,paypal,0,1,1
user_126,prod_69,4,117.65,BOGO,2025-03-15T04:48:13.903085,credit_card,0,0,1
user_178,prod_4,4,843.51,BOGO,2025-03-13T02:49:45.510507,paypal,0,1,1
user_24,prod_57,1,262.21,BOGO,2025-05-15T06:47:31.666284,gift_card,0,0,0
user_2,prod_31,2,288.27,none,2025-07-05T07:17:19.951570,credit_card,0,1,1
user_92,prod_3,1,960.14,BOGO,2025-01-20T10:18:11.754374,credit_card,0,1,1
user_161,prod_67,3,382.19,BOGO,2025-04-26T19:14:59.154271,gift_card,1,1,0
user_149,prod_90,1,14.54,BOGO,2025-06-23T20:13:13.321205,paypal,0,1,1
user_117,prod_50,2,287.43,none,2025-01-04T19:29:57.599151,paypal,1,0,1
user_53,prod_17,1,123.7,10%,2025-03-29T18:21:44.960715,gift_card,0,1,1
user_46,prod_60,2,107.29,none,2025-04-17T14:07:09.229146,credit_card,0,1,1
user_45,prod_74,4,82.1,BOGO,2025-06-20T15:43:31.045121,gift_card,1,1,0
user_9,prod_66,2,595.29,10%,2025-03-20T03:03:57.029294,credit_card,0,0,0
user_6,prod_88,3,193.4,BOGO,2025-01-26T10:42:50.003935,credit_card,1,1,1
user_51,prod_75,2,364.44,10%,2025-07-01T11:19:40.558125,paypal,0,1,0
user_119,prod_24,3,862.71,BOGO,2025-03-20T22:27:28.399693,gift_card,1,0,0
user_35,prod_99,3,427.22,BOGO,2025-01-11T02:27:43.123200,credit_card,1,0,0
user_82,prod_87,1,916.11,10%,2025-03-24T11:38:29.389060,paypal,0,0,0
user_181,prod_32,3,500.45,10%,2025-05-02T02:40:03.239896,gift_card,0,1,0
user_147,prod_87,2,401.84,BOGO,2025-03-14T22:12:20.742348,gift_card,0,0,0
user_197,prod_98,4,751.64,none,2025-06-14T13:29:16.570666,credit_card,0,1,1
user_25,prod_19,2,77.81,none,2025-01-15T12:40:39.264669,credit_card,1,0,1
user_139,prod_66,4,94.03,none,2025-05-06T07:19:03.123363,credit_card,1,1,0
user_17,prod_60,3,653.71,none,2025-05-19T14:08:19.948435,gift_card,1,0,0
user_36,prod_66,1,489.51,10%,2025-03-17T18:40:27.474427,credit_card,1,0,0
user_96,prod_15,3,791.46,10%,2025-05-12T17:41:23.026979,gift_card,1,0,1
user_21,prod_85,3,916.69,none,2025-06-08T04:15:00.008118,paypal,1,1,1
user_18,prod_35,4,391.43,20%,2025-04-09T04:10:14.285614,gift_card,1,0,1
user_188,prod_69,2,598.43,20%,2025-06-26T00:17:53.142738,credit_card,0,1,1
user_146,prod_27,1,503.19,20%,2025-02-15T11:47:32.654571,gift_card,0,0,1
user_1,prod_88,1,981.7,BOGO,2025-04-30T01:17:50.580365,credit_card,0,0,1
user_142,prod_7,1,831.93,none,2025-02-13T17:31:49.102368,paypal,0,0,0
user_136,prod_6,1,912.18,BOGO,2025-03-16T05:38:21.615588,credit_card,0,1,1
user_194,prod_33,2,258.07,10%,2025-01-27T04:59:12.799346,credit_card,0,1,1
user_51,prod_58,1,773.66,10%,2025-06-16T11:12:11.502651,credit_card,0,1,1
user_79,prod_49,4,269.15,20%,2025-02-02T04:12:33.372130,credit_card,0,0,0
user_188,prod_17,4,212.7,20%,2025-02-04T22:06:17.393387,credit_card,1,1,1
user_162,prod_42,1,944.54,10%,2025-05-30T03:22:07.939407,credit_card,0,1,0
user_36,prod_94,1,24.21,20%,2025-07-02T05:12:34.909163,paypal,0,0,0
user_62,prod_72,2,965.56,20%,2025-02-17T05:08:50.174342,paypal,0,0,1
user_129,prod_40,2,153.52,10%,2025-04-24T07:14:17.592492,gift_card,1,1,1
user_85,prod_46,1,820.34,BOGO,2025-05-25T18:42:11.015646,credit_card,0,1,1
user_42,prod_71,2,279.54,20%,2025-04-01T23:47:30.881727,gift_card,1,0,0
user_1,prod_70,3,353.95,BOGO,2025-03-04T23:31:52.224706,paypal,1,1,1
user_54,prod_68,1,220.67,20%,2025-02-06T05:17:01.024284,paypal,0,0,0
user_175,prod_1,2,587.59,none,2025-01-10T23:23:21.484912,credit_card,1,0,0
user_100,prod_79,4,351.36,BOGO,2025-06-18T19:31:11.359213,credit_card,0,1,1
user_39,prod_95,1,659.11,BOGO,2025-01-01T12:40:45.643545,gift_card,0,1,1
user_158,prod_89,1,20.57,20%,2025-01-24T15:13:29.079182,paypal,0,0,1
user_7,prod_97,4,69.05,BOGO,2025-04-04T00:20:29.752055,gift_card,1,1,0
user_150,prod_52,4,104.16,none,2025-02-26T06:09:02.578198,gift_card,0,0,1
user_121,prod_35,2,421.9,10%,2025-02-16T21:41:19.760238,gift_card,0,1,0
user_178,prod_69,4,815.72,none,2025-01-07T02:36:09.111787,credit_card,0,0,1
user_45,prod_5,3,888.74,10%,2025-01-18T13:32:37.023837,paypal,1,1,0
user_74,prod_100,1,248.59,none,2025-01-31T10:29:35.111708,gift_card,1,1,1
user_120,prod_17,3,576.5,none,2025-06-04T10:14:07.882314,paypal,1,0,1
user_72,prod_53,2,769.52,BOGO,2025-03-06T15:02:53.047581,paypal,1,1,0
user_138,prod_52,4,292.39,none,2025-06-12T09:41:15.190972,gift_card,0,0,0
user_142,prod_14,1,411.96,20%,2025-04-19T23:03:29.898339,gift_card,0,1,1
user_46,prod_29,4,526.35,20%,2025-05-02T06:58:10.572634,credit_card,1,1,0
user_123,prod_8,4,139.2,20%,2025-04-27T01:00:32.127345,paypal,0,1,0
user_118,prod_98,2,30.85,20%,2025-07-03T06:21:23.229586,gift_card,1,1,0
user_75,prod_1,2,157.04,BOGO,2025-04-15T14:00:41.131506,gift_card,0,0,0
user_6,prod_29,2,628.72,20%,2025-06-04T17:53:32.879314,paypal,0,0,1
user_21,prod_36,2,78.25,none,2025-06-12T18:26:09.667885,gift_card,1,1,0
user_190,prod_51,1,193.75,20%,2025-05-03T03:45:17.041434,paypal,1,0,1
user_147,prod_37,3,341.16,BOGO,2025-05-13T09:14:29.810043,gift_card,0,0,1
user_103,prod_93,3,82.48,10%,2025-05-25T10:06:02.957861,paypal,1,1,1
user_88,prod_69,1,195.74,none,2025-01-07T01:42:44.149894,gift_card,0,0,0
user_99,prod_53,4,911.71,none,2025-02-18T00:52:46.689004,gift_card,0,0,1
user_62,prod_96,1,24.2,BOGO,2025-04-28T20:26:08.876653,credit_card,0,1,1
user_107,prod_52,3,655.16,10%,2025-03-28T08:56:54.418306,paypal,0,1,1
user_83,prod_88,3,387.49,20%,2025-03-11T07:17:13.142708,credit_card,1,1,1
user_181,prod_83,1,674.29,10%,2025-01-17T08:54:41.895117,gift_card,0,1,1
user_152,prod_12,2,590.75,none,2025-05-28T00:09:20.429356,paypal,0,0,0
user_56,prod_52,4,227.38,none,2025-07-01T04:43:13.920958,paypal,0,1,1
user_190,prod_1,1,847.97,none,2025-05-31T14:58:41.222677,gift_card,1,0,0
user_162,prod_7,3,494.48,10%,2025-05-11T20:17:27.724337,gift_card,0,0,1
user_22,prod_17,2,823.42,20%,2025-05-17T15:32:02.033908,gift_card,1,1,1
user_68,prod_98,4,408.98,none,2025-04-08T20:49:47.268659,gift_card,1,0,0
user_185,prod_43,3,984.76,BOGO,2025-03-20T15:12:51.583119,paypal,1,0,0
user_10,prod_71,4,771.64,20%,2025-01-23T10:30:55.869962,credit_card,1,0,1
user_66,prod_17,2,966.12,none,2025-04-16T17:55:55.433935,paypal,1,1,1
user_8,prod_59,3,516.75,20%,2025-02-01T11:11:00.189815,paypal,1,0,1
user_123,prod_3,2,476.32,BOGO,2025-05-09T11:41:26.228330,paypal,1,1,1
user_38,prod_29,1,756.68,10%,2025-04-07T08:14:26.807842,paypal,0,1,1
user_123,prod_22,1,880.89,none,2025-03-14T15:14:47.842586,gift_card,0,0,0
user_62,prod_38,4,964.33,BOGO,2025-06-03T17:39:56.904736,credit_card,1,0,1
user_156,prod_54,2,327.93,none,2025-06-28T11:44:13.958696,paypal,1,1,1
user_138,prod_93,2,799.71,none,2025-01-26T03:32:35.539516,paypal,1,1,0
user_45,prod_50,4,214.59,10%,2025-04-22T01:26:17.787030,credit_card,0,1,0
user_65,prod_69,4,547.85,10%,2025-05-02T19:41:10.661854,gift_card,1,1,1
user_67,prod_30,4,183.95,20%,2025-03-21T08:22:19.542139,paypal,0,1,0
user_137,prod_23,1,350.66,BOGO,2025-03-28T15:05:41.172066,gift_card,0,0,0
user_133,prod_85,4,931.7,BOGO,2025-05-01T09:40:25.940997,paypal,1,1,0
user_106,prod_90,1,150.36,10%,2025-02-25T19:02:58.151976,paypal,0,0,1
user_138,prod_47,4,634.24,none,2025-06-22T02:51:06.613011,credit_card,1,1,1
user_140,prod_21,2,594.99,20%,2025-06-06T08:37:49.374569,credit_card,1,0,1
user_82,prod_20,2,125.13,10%,2025-05-26T02:53:59.615002,gift_card,1,1,0
user_58,prod_23,4,329.35,20%,2025-04-05T12:48:27.318492,paypal,0,0,1
user_149,prod_68,4,565.17,20%,2025-05-29T09:51:33.382291,gift_card,1,0,1
user_149,prod_21,1,191.24,BOGO,2025-04-09T02:14:09.312322,credit_card,0,1,0
user_193,prod_21,3,801.62,20%,2025-05-30T11:58:54.138762,credit_card,1,0,1
user_131,prod_1,1,972.3,BOGO,2025-02-02T06:24:40.167736,credit_card,1,1,0
user_69,prod_15,2,218.69,none,2025-03-24T23:09:38.700491,credit_card,1,1,0
user_89,prod_17,4,190.98,none,2025-02-03T01:40:42.235094,credit_card,1,0,0
user_64,prod_51,2,457.66,10%,2025-05-01T11:49:05.841537,gift_card,1,0,0
user_177,prod_63,3,749.03,none,2025-03-26T00:52:31.466289,gift_card,0,1,1
user_72,prod_14,1,285.19,BOGO,2025-05-22T21:16:08.441950,credit_card,1,1,1
user_17,prod_59,2,24.78,20%,2025-02-05T15:43:41.053842,paypal,1,1,1
user_73,prod_83,1,543.51,20%,2025-02-26T08:47:32.027742,paypal,1,0,0
user_160,prod_50,4,956.82,none,2025-04-23T12:55:32.675010,paypal,0,0,1
user_70,prod_34,2,394.32,BOGO,2025-06-20T02:32:37.108054,paypal,1,1,1
user_113,prod_6,3,423.03,20%,2025-03-10T10:34:38.499602,paypal,1,0,0
user_21,prod_49,1,969.06,none,2025-05-04T16:20:36.771829,credit_card,1,0,0
user_135,prod_6,1,696.13,BOGO,2025-03-26T05:28:46.187199,gift_card,1,0,1
user_7,prod_69,3,720.58,BOGO,2025-03-11T17:35:27.323041,credit_card,0,1,0
user_111,prod_7,2,564.89,20%,2025-05-27T21:19:13.998474,paypal,1,1,1
user_27,prod_97,2,974.74,10%,2025-01-29T15:59:22.499485,paypal,0,0,0
user_8,prod_77,1,690.42,10%,2025-05-27T19:06:29.799520,gift_card,0,0,0
user_28,prod_51,3,895.56,BOGO,2025-02-12T05:52:40.280298,credit_card,0,1,1
user_194,prod_1,1,700.88,BOGO,2025-05-06T18:01:13.724945,gift_card,0,0,0
user_199,prod_13,1,736.44,none,2025-02-09T00:00:07.466680,paypal,1,1,0
user_47,prod_43,4,293.96,BOGO,2025-04-02T09:20:35.622333,paypal,1,1,0
user_86,prod_27,2,306.96,none,2025-01-03T15:23:08.122389,gift_card,0,1,1
user_10,prod_71,2,784.07,none,2025-02-11T22:19:43.455085,paypal,0,1,1
user_114,prod_3,4,300.22,none,2025-01-04T18:27:36.647034,credit_card,0,1,1
user_33,prod_58,2,564.96,BOGO,2025-03-04T02:06:31.227567,paypal,1,1,0
user_135,prod_89,2,253.11,BOGO,2025-04-07T18:35:49.874478,paypal,0,1,0
user_131,prod_97,2,817.9,none,2025-01-25T01:06:13.087766,credit_card,0,0,0
user_14,prod_17,3,114.95,20%,2025-01-17T19:57:13.652762,paypal,0,1,0
user_172,prod_45,4,830.3,BOGO,2025-06-03T01:16:33.317642,gift_card,0,0,1
user_46,prod_78,1,604.72,10%,2025-05-27T17:06:44.637870,gift_card,0,0,1
user_61,prod_58,3,190.97,20%,2025-06-04T01:52:16.498919,paypal,1,0,0
user_164,prod_56,1,544.33,10%,2025-05-29T17:10:15.875150,credit_card,0,1,1
user_13,prod_54,4,286.09,BOGO,2025-04-20T02:43:11.443686,credit_card,1,0,1
user_16,prod_87,4,326.85,20%,2025-06-25T23:18:30.009630,gift_card,1,1,1
user_133,prod_88,4,354.77,BOGO,2025-01-12T16:21:17.495263,paypal,1,1,0
user_38,prod_29,2,68.0,BOGO,2025-03-16T12:35:16.800613,credit_card,1,0,1
user_178,prod_54,3,986.03,20%,2025-02-21T04:39:18.308787,credit_card,1,0,1
user_38,prod_27,4,36.38,BOGO,2025-02-22T08:41:55.271245,gift_card,0,0,1
user_103,prod_45,1,664.18,20%,2025-05-01T12:57:33.495776,gift_card,1,0,1
user_56,prod_87,2,374.37,BOGO,2025-05-24T12:08:54.812608,credit_card,1,1,1
user_63,prod_31,2,647.78,none,2025-02-24T09:16:12.587145,gift_card,0,0,0
user_120,prod_36,3,359.47,10%,2025-03-04T19:40:54.022332,credit_card,1,0,1
user_48,prod_81,3,675.38,none,2025-03-17T18:37:51.521921,paypal,0,0,1
user_105,prod_61,3,730.59,BOGO,2025-05-29T10:09:06.920435,gift_card,0,0,0
user_59,prod_37,2,692.1,BOGO,2025-03-01T20:07:57.836006,gift_card,0,0,1
user_77,prod_67,4,118.39,BOGO,2025-03-15T02:36:50.433485,paypal,0,1,0
user_172,prod_36,1,658.61,none,2025-07-06T00:39:50.430648,credit_card,0,1,0
user_127,prod_5,4,283.59,BOGO,2025-02-21T03:20:14.995611,credit_card,1,1,0
user_55,prod_46,1,33.66,20%,2025-03-19T08:01:30.906418,gift_card,0,0,0
user_55,prod_79,4,417.76,10%,2025-01-12T08:15:14.942425,credit_card,0,0,1
user_129,prod_52,3,436.38,BOGO,2025-05-22T20:54:17.317320,credit_card,1,1,1
user_136,prod_49,1,469.84,BOGO,2025-04-05T18:58:53.849775,paypal,1,1,0
user_127,prod_6,2,706.3,10%,2025-02-13T16:41:32.837192,paypal,1,1,1
user_132,prod_10,1,312.3,10%,2025-07-02T15:36:55.350399,paypal,1,1,0
user_85,prod_96,2,318.7,10%,2025-06-24T18:19:32.863047,gift_card,0,0,1
user_115,prod_23,4,65.25,none,2025-01-26T05:28:20.951436,paypal,1,0,1
user_181,prod_17,3,688.39,none,2025-07-02T22:38:07.068430,paypal,0,0,0
user_58,prod_84,1,569.99,BOGO,2025-06-18T01:43:22.018859,credit_card,1,1,1
user_37,prod_44,2,352.68,10%,2025-05-17T17:47:57.834514,paypal,1,1,0
user_49,prod_41,4,706.66,BOGO,2025-02-01T01:55:31.158195,gift_card,1,1,1
user_67,prod_15,3,539.67,BOGO,2025-05-11T19:04:07.833211,paypal,1,0,1
user_19,prod_44,3,471.9,BOGO,2025-01-02T19:53:11.029439,gift_card,1,0,1
user_129,prod_58,3,513.77,none,2025-02-19T06:31:12.282448,credit_card,0,1,0
user_29,prod_86,4,638.17,10%,2025-01-17T15:15:47.039805,credit_card,0,0,0
user_87,prod_50,4,661.7,BOGO,2025-05-03T07:29:31.474520,paypal,0,1,0
user_33,prod_52,4,292.51,none,2025-03-31T16:04:03.047125,credit_card,1,1,1
user_119,prod_70,3,145.04,20%,2025-01-29T06:40:51.970179,paypal,0,1,0
user_180,prod_68,1,160.85,20%,2025-06-16T07:29:25.595878,credit_card,1,0,0
user_169,prod_63,2,641.19,BOGO,2025-07-06T09:24:02.411784,gift_card,1,1,0
user_151,prod_58,4,873.51,BOGO,2025-06-28T12:40:39.042380,credit_card,0,1,1
user_133,prod_23,1,412.45,10%,2025-06-29T09:40:46.874887,paypal,0,0,1
user_71,prod_44,2,173.67,10%,2025-03-10T10:52:29.256252,paypal,1,1,1
user_185,prod_83,3,757.82,BOGO,2025-03-16T07:01:18.132419,paypal,1,1,1
user_134,prod_95,1,833.33,none,2025-07-02T12:21:02.848239,gift_card,0,0,0
user_177,prod_44,3,881.18,BOGO,2025-06-18T09:08:02.195284,credit_card,1,1,1
user_22,prod_52,2,608.8,10%,2025-02-28T04:56:10.484289,paypal,0,1,0
user_77,prod_67,4,861.42,10%,2025-03-03T15:11:04.733131,gift_card,0,1,1
user_4,prod_28,3,20.34,none,2025-03-22T09:38:14.676766,gift_card,1,0,0
user_72,prod_67,1,111.7,BOGO,2025-06-28T09:17:13.884722,gift_card,1,1,0
user_192,prod_78,4,97.11,10%,2025-04-01T02:39:01.353698,credit_card,1,1,1
user_165,prod_18,1,714.04,BOGO,2025-04-11T05:33:04.570345,credit_card,1,1,0
user_159,prod_27,2,74.23,10%,2025-03-09T04:09:48.604972,credit_card,0,0,0
user_165,prod_51,2,498.88,20%,2025-06-28T04:40:24.108533,gift_card,1,0,0
user_128,prod_60,4,475.34,20%,2025-07-06T23:17:36.377033,credit_card,0,0,0
user_45,prod_74,1,314.15,20%,2025-02-18T22:36:47.695788,paypal,0,1,1
user_136,prod_49,1,871.05,10%,2025-05-07T12:59:12.642368,gift_card,1,0,1
user_168,prod_15,1,174.58,none,2025-05-21T12:10:25.394817,credit_card,0,1,0
user_93,prod_83,1,355.7,20%,2025-03-27T18:29:17.552556,gift_card,1,0,1
user_5,prod_73,2,775.3,10%,2025-02-05T18:05:46.863751,gift_card,1,0,0
user_156,prod_68,1,35.27,BOGO,2025-03-16T04:21:58.188047,credit_card,0,0,0
user_104,prod_15,2,674.59,20%,2025-06-26T12:49:46.509193,gift_card,0,0,1
user_81,prod_51,1,817.32,none,2025-07-01T20:51:16.393003,credit_card,0,1,0
user_87,prod_48,1,932.61,none,2025-06-24T00:30:06.876569,credit_card,1,0,1
user_137,prod_72,3,876.92,none,2025-01-04T06:34:29.408820,credit_card,1,1,0
user_130,prod_1,3,322.79,BOGO,2025-05-15T14:05:08.632452,gift_card,0,1,1
user_63,prod_7,1,588.43,BOGO,2025-06-27T09:36:03.453986,gift_card,1,1,1
user_51,prod_53,2,81.91,none,2025-04-15T18:11:40.809467,credit_card,1,0,0
user_116,prod_31,1,261.58,none,2025-01-11T20:19:45.747573,gift_card,0,0,1
user_113,prod_18,3,98.75,none,2025-04-18T09:05:30.041932,credit_card,1,1,0
user_31,prod_12,1,318.61,BOGO,2025-04-13T02:25:03.401890,paypal,0,0,1
user_7,prod_48,3,875.81,BOGO,2025-04-15T05:39:22.961021,gift_card,0,1,0
user_158,prod_30,1,350.43,10%,2025-02-12T03:02:58.073972,gift_card,0,0,1
user_186,prod_97,4,564.09,20%,2025-06-10T23:37:51.810192,paypal,1,0,1
user_3,prod_7,1,436.21,BOGO,2025-01-29T10:29:44.668960,paypal,0,1,1
user_51,prod_92,2,461.62,none,2025-01-31T11:20:17.707835,paypal,0,0,0
user_56,prod_3,3,969.72,20%,2025-03-31T19:47:06.322866,credit_card,0,1,1
user_73,prod_63,4,299.67,BOGO,2025-02-07T04:20:48.669888,credit_card,0,1,0
user_10,prod_6,3,629.19,20%,2025-04-04T13:43:27.587912,paypal,1,0,1
user_61,prod_95,3,422.96,10%,2025-04-01T11:41:22.641440,credit_card,0,0,1
user_50,prod_15,2,65.84,BOGO,2025-06-09T10:10:09.987557,gift_card,1,0,0
user_122,prod_71,1,491.88,none,2025-07-04T01:52:44.069465,paypal,0,1,1
user_175,prod_43,2,814.28,none,2025-02-09T09:23:30.768506,gift_card,1,0,0
user_1,prod_94,1,103.26,10%,2025-02-16T21:44:57.202543,credit_card,1,0,0
user_185,prod_91,4,74.24,10%,2025-06-10T17:55:06.163468,paypal,1,0,0
user_38,prod_81,2,157.86,10%,2025-01-26T17:17:06.589210,credit_card,1,0,0
user_190,prod_18,2,765.58,10%,2025-03-25T23:52:46.445469,gift_card,0,1,0
user_79,prod_22,3,725.38,10%,2025-04-14T09:52:03.413477,credit_card,0,0,1
user_89,prod_61,2,567.19,BOGO,2025-05-18T19:15:30.098250,gift_card,1,1,0
user_198,prod_61,1,470.89,BOGO,2025-06-04T10:37:24.969381,credit_card,1,0,1
user_82,prod_53,2,888.88,20%,2025-06-30T00:01:48.430173,gift_card,1,0,0
user_193,prod_26,2,767.86,10%,2025-06-20T05:04:27.319824,credit_card,0,0,0
user_190,prod_91,4,812.88,none,2025-05-12T07:16:06.145433,paypal,1,1,1
user_184,prod_40,1,814.2,none,2025-06-20T10:12:57.597646,paypal,1,1,1
user_67,prod_88,3,644.5,10%,2025-06-05T15:53:48.395294,credit_card,0,0,0
user_17,prod_8,1,460.72,10%,2025-01-01T10:45:04.208551,gift_card,0,1,0
user_127,prod_21,4,865.35,10%,2025-05-25T06:28:10.178563,credit_card,0,1,1
user_112,prod_93,1,926.38,10%,2025-05-22T07:57:21.294804,paypal,0,0,1
user_136,prod_43,1,28.69,10%,2025-01-26T19:21:48.053536,gift_card,0,0,0
user_60,prod_21,2,56.3,none,2025-04-30T15:20:56.026926,credit_card,0,0,0
user_40,prod_3,2,958.95,20%,2025-05-28T13:51:55.990395,credit_card,1,0,0
user_89,prod_31,1,280.77,10%,2025-01-06T13:52:15.522718,gift_card,1,0,1
user_190,prod_27,1,874.0,10%,2025-03-10T20:37:41.802383,credit_card,0,0,0
user_41,prod_27,3,391.85,10%,2025-05-22T20:02:09.176369,paypal,1,1,1
user_140,prod_73,4,123.5,BOGO,2025-01-29T20:30:22.527888,paypal,0,0,1
user_115,prod_57,2,85.04,none,2025-04-09T01:51:31.577083,gift_card,1,0,0
user_100,prod_97,2,160.73,none,2025-04-21T09:50:24.680088,credit_card,0,0,0
user_117,prod_33,2,253.64,20%,2025-02-15T05:56:24.933496,credit_card,0,0,1
user_182,prod_90,2,491.08,BOGO,2025-03-15T08:50:58.721479,paypal,1,1,0
user_89,prod_92,1,702.99,BOGO,2025-05-06T01:25:28.364701,gift_card,1,1,0
user_93,prod_44,1,986.47,BOGO,2025-04-08T16:28:57.972295,gift_card,0,1,1
user_139,prod_43,3,444.3,20%,2025-01-28T11:20:31.771883,gift_card,0,0,0
user_60,prod_31,2,520.59,20%,2025-03-25T17:31:44.475906,paypal,0,0,1
user_68,prod_65,2,524.21,20%,2025-05-02T14:40:09.745583,paypal,0,1,1
user_78,prod_84,1,541.74,BOGO,2025-03-04T17:18:08.272020,gift_card,0,1,0
user_46,prod_76,3,520.15,none,2025-03-29T06:35:36.481325,gift_card,0,0,1
user_38,prod_17,1,13.73,BOGO,2025-05-31T07:01:37.448948,credit_card,1,0,1
user_189,prod_15,2,6.72,20%,2025-01-08T09:52:37.170682,credit_card,1,0,0
user_17,prod_34,2,102.18,BOGO,2025-05-15T10:11:21.844539,gift_card,1,0,1
user_66,prod_80,4,106.05,10%,2025-04-04T00:20:33.446377,paypal,1,0,0
user_200,prod_4,4,706.37,BOGO,2025-06-11T21:03:32.759918,paypal,1,1,1
user_36,prod_72,4,208.89,BOGO,2025-04-11T09:12:39.484204,credit_card,0,0,1
user_74,prod_98,3,895.24,none,2025-03-30T00:03:11.763962,gift_card,0,1,1
user_7,prod_89,1,928.96,none,2025-01-07T09:20:35.839542,paypal,1,0,1
user_16,prod_79,2,976.01,none,2025-03-07T17:55:16.124640,paypal,0,1,1
user_14,prod_28,2,939.39,10%,2025-05-07T09:34:32.936189,paypal,1,1,1
user_80,prod_73,3,275.53,none,2025-01-10T13:02:49.761751,paypal,1,1,1
user_25,prod_2,2,512.23,10%,2025-05-19T23:44:39.894681,credit_card,0,0,0
user_105,prod_17,2,179.58,20%,2025-03-16T14:44:34.238411,paypal,0,0,1
user_4,prod_58,1,807.18,none,2025-03-30T18:51:57.552300,paypal,1,0,0
user_157,prod_74,4,888.99,BOGO,2025-02-28T21:30:29.043147,gift_card,1,1,1
user_127,prod_9,4,852.03,BOGO,2025-03-21T22:59:08.553113,gift_card,1,1,1
user_56,prod_31,3,436.2,10%,2025-02-07T15:44:13.397553,credit_card,1,0,0
user_6,prod_66,4,759.88,none,2025-01-14T12:43:54.886332,credit_card,0,1,0
user_129,prod_88,4,102.09,BOGO,2025-03-16T02:47:51.754505,credit_card,1,1,0
user_167,prod_62,3,45.04,20%,2025-01-28T11:35:47.157079,credit_card,0,1,1
user_129,prod_19,3,754.47,none,2025-04-21T11:46:23.104667,paypal,1,1,0
user_115,prod_81,4,428.23,20%,2025-01-19T07:48:45.518651,gift_card,1,0,1
user_191,prod_74,1,995.57,BOGO,2025-04-16T17:23:09.496549,paypal,0,1,1
user_57,prod_55,3,101.77,none,2025-02-01T04:59:04.457742,paypal,0,0,0
user_195,prod_28,2,856.35,10%,2025-01-07T21:09:51.234150,paypal,0,1,1
user_65,prod_92,3,482.58,BOGO,2025-05-14T11:50:25.271024,gift_card,0,1,0
user_65,prod_50,2,828.01,20%,2025-04-28T18:34:59.771829,credit_card,0,0,0
user_103,prod_65,3,818.04,none,2025-06-10T07:47:44.668688,credit_card,1,1,0
user_21,prod_3,3,916.41,20%,2025-04-30T18:02:18.126455,gift_card,1,0,0
user_158,prod_79,4,301.36,20%,2025-04-30T23:47:05.299145,gift_card,1,0,1
user_33,prod_52,4,950.05,10%,2025-02-21T12:17:48.339575,credit_card,0,0,1
user_176,prod_10,4,155.91,10%,2025-02-02T19:42:05.946336,paypal,0,0,0
user_22,prod_21,1,86.56,BOGO,2025-07-05T07:22:40.864143,credit_card,0,0,0
user_182,prod_37,4,434.46,10%,2025-03-30T21:22:07.969721,gift_card,1,0,1
user_110,prod_15,4,829.18,10%,2025-03-22T17:05:49.773679,credit_card,0,0,1
user_4,prod_87,3,476.05,BOGO,2025-02-02T17:10:54.456079,credit_card,1,1,0
user_183,prod_78,3,830.14,BOGO,2025-03-15T15:48:37.081968,credit_card,1,0,1
user_172,prod_79,1,731.04,BOGO,2025-02-23T03:14:11.462548,gift_card,1,1,1
user_140,prod_74,2,213.38,BOGO,2025-02-19T09:40:40.549213,gift_card,0,1,1
user_74,prod_9,3,949.14,20%,2025-02-11T18:31:51.003748,credit_card,1,1,1
user_119,prod_44,3,65.48,20%,2025-01-04T13:23:59.393000,credit_card,1,0,0
user_180,prod_39,2,898.79,BOGO,2025-02-20T05:23:19.600441,paypal,1,0,1
user_93,prod_5,1,307.92,BOGO,2025-06-24T06:47:45.506920,paypal,0,1,0
user_65,prod_25,3,502.65,none,2025-02-10T13:13:47.647691,credit_card,1,0,0
user_65,prod_56,4,425.24,none,2025-06-30T21:03:15.680709,gift_card,0,1,0
user_10,prod_90,1,175.98,none,2025-07-01T01:33:19.729102,paypal,0,1,1
user_146,prod_64,2,361.36,10%,2025-03-19T15:04:29.855431,credit_card,1,1,1
user_47,prod_72,2,196.97,20%,2025-01-01T19:15:04.083339,paypal,1,0,0
user_66,prod_86,4,207.87,20%,2025-03-28T09:48:23.797080,paypal,0,1,1
user_49,prod_52,4,191.12,none,2025-03-10T23:19:41.998888,paypal,1,0,0
user_200,prod_89,4,491.57,none,2025-01-22T03:34:38.942223,gift_card,0,1,0
user_22,prod_76,1,798.94,20%,2025-06-04T03:32:00.838929,credit_card,0,0,1
user_86,prod_9,2,571.13,10%,2025-02-25T11:43:20.140225,gift_card,0,1,1
user_26,prod_10,4,893.74,none,2025-01-19T02:32:02.182822,gift_card,1,0,1
user_137,prod_10,4,638.36,BOGO,2025-06-13T09:43:46.245380,paypal,0,1,0
user_149,prod_73,2,690.89,none,2025-02-21T09:00:35.449975,credit_card,0,0,0
user_95,prod_62,3,669.27,20%,2025-02-22T04:09:02.107830,paypal,1,0,1
user_191,prod_90,1,452.21,20%,2025-04-09T15:50:49.127646,gift_card,1,0,0
user_107,prod_99,3,690.89,none,2025-05-02T09:02:23.808465,gift_card,0,1,0
user_134,prod_91,4,74.36,none,2025-01-09T22:36:20.029460,credit_card,0,1,0
user_14,prod_60,1,860.55,BOGO,2025-05-27T05:29:00.335599,gift_card,0,1,1
user_161,prod_95,3,778.92,BOGO,2025-01-24T17:30:50.743860,gift_card,1,0,1
user_71,prod_19,2,249.0,10%,2025-03-19T16:48:07.723572,credit_card,0,0,1
user_152,prod_38,4,769.19,10%,2025-04-16T21:18:12.504996,paypal,0,1,0
user_75,prod_6,1,17.58,BOGO,2025-06-22T13:26:14.636430,credit_card,1,1,1
user_120,prod_15,1,221.16,10%,2025-05-12T13:24:35.894062,gift_card,1,0,0
user_112,prod_93,1,69.81,10%,2025-01-14T08:24:00.999021,credit_card,0,1,0
user_51,prod_47,1,781.33,none,2025-05-16T15:22:22.320460,paypal,1,0,0
user_130,prod_45,4,757.09,BOGO,2025-03-20T06:03:24.977622,gift_card,0,0,1
user_143,prod_5,4,814.57,none,2025-06-17T23:52:11.992614,paypal,0,0,0
user_163,prod_78,2,9.46,none,2025-05-22T04:26:46.870331,paypal,1,1,1
user_36,prod_53,2,503.73,10%,2025-05-11T03:33:21.160220,credit_card,0,0,0
user_118,prod_66,2,706.31,none,2025-04-27T07:48:37.101764,paypal,0,1,1
user_167,prod_62,3,159.62,20%,2025-06-11T23:51:19.345680,credit_card,1,0,1
user_4,prod_23,2,651.54,10%,2025-01-10T17:36:29.588306,credit_card,0,1,1
user_192,prod_44,4,88.69,20%,2025-05-27T04:49:29.036695,paypal,1,1,1
user_6,prod_52,3,185.42,10%,2025-02-02T09:58:45.842045,credit_card,0,0,1
user_185,prod_46,4,478.42,none,2025-03-28T16:35:52.069703,credit_card,1,0,1
user_158,prod_19,3,655.3,10%,2025-02-03T15:51:00.058614,paypal,1,0,1
user_110,prod_88,2,150.14,20%,2025-02-28T15:28:06.789161,gift_card,1,0,1
user_99,prod_84,2,189.3,10%,2025-06-11T12:35:45.657686,credit_card,1,1,0
user_122,prod_47,2,208.42,20%,2025-04-06T22:58:15.955173,credit_card,1,1,0
user_117,prod_91,3,242.51,BOGO,2025-05-31T03:45:39.583373,paypal,1,1,0
user_96,prod_52,4,230.42,none,2025-06-06T12:11:51.727697,credit_card,0,1,0
user_67,prod_24,1,398.17,20%,2025-04-22T02:33:07.829550,paypal,0,1,0
user_120,prod_17,4,655.52,BOGO,2025-03-11T10:56:07.147503,gift_card,1,0,1
user_15,prod_89,2,440.84,none,2025-02-25T18:12:15.372020,gift_card,0,0,1
user_17,prod_46,3,777.09,BOGO,2025-06-27T05:13:19.757059,paypal,1,1,1
user_18,prod_64,3,720.67,20%,2025-01-21T08:03:26.888781,gift_card,1,0,1
user_115,prod_95,2,130.89,none,2025-04-11T12:55:29.373511,paypal,0,0,1
user_147,prod_28,3,53.6,BOGO,2025-05-22T19:34:47.209832,credit_card,1,0,0
user_76,prod_50,2,878.55,20%,2025-01-25T11:41:08.442431,gift_card,0,0,0
user_88,prod_64,4,84.43,BOGO,2025-01-15T09:25:58.846899,credit_card,1,0,1
user_197,prod_28,3,152.6,none,2025-02-15T02:54:54.222357,credit_card,1,0,0
user_152,prod_86,1,27.02,none,2025-02-19T13:36:56.924956,paypal,0,1,0
user_91,prod_56,3,630.19,none,2025-06-03T23:53:26.184307,gift_card,1,0,1
user_48,prod_59,2,584.46,20%,2025-07-06T19:14:47.931663,gift_card,1,0,1
user_158,prod_5,1,986.97,BOGO,2025-03-30T04:42:38.203251,credit_card,1,1,0
user_15,prod_54,2,887.5,BOGO,2025-06-25T19:57:59.528357,credit_card,0,1,0
user_175,prod_44,3,413.79,20%,2025-04-10T09:28:22.117747,paypal,0,1,1
user_123,prod_42,1,374.73,none,2025-07-06T19:17:23.734887,gift_card,0,0,0
user_127,prod_72,1,300.37,10%,2025-01-20T20:35:02.201062,paypal,0,1,1
user_172,prod_92,3,156.64,none,2025-01-19T14:39:24.885476,paypal,0,0,0
user_98,prod_57,1,142.39,10%,2025-04-03T08:06:53.256117,paypal,1,1,0
user_155,prod_47,4,136.62,none,2025-06-19T18:36:03.221575,gift_card,0,0,1
user_84,prod_76,1,118.54,20%,2025-02-17T00:44:39.709299,paypal,0,0,0
user_192,prod_25,1,244.31,10%,2025-06-09T03:21:45.710362,gift_card,1,1,1
user_41,prod_44,4,310.14,20%,2025-03-29T20:22:55.256150,paypal,1,0,0
user_96,prod_15,2,961.77,10%,2025-01-02T13:55:37.763808,credit_card,0,0,0
user_68,prod_51,2,580.58,BOGO,2025-06-08T22:34:25.609895,paypal,1,0,1
user_5,prod_53,4,987.66,10%,2025-07-06T16:34:15.734287,paypal,1,0,0
user_53,prod_34,1,375.6,10%,2025-04-26T03:36:28.520882,gift_card,1,1,1
user_122,prod_77,3,460.34,10%,2025-01-19T22:33:12.367745,credit_card,0,1,1
user_136,prod_8,4,327.96,BOGO,2025-03-06T20:20:29.787809,credit_card,1,1,0
user_22,prod_77,3,186.97,20%,2025-05-20T14:53:37.980379,gift_card,1,0,1
user_106,prod_100,2,147.45,BOGO,2025-04-15T08:04:31.324784,gift_card,0,1,1
user_7,prod_70,4,945.35,10%,2025-03-10T14:00:24.015363,credit_card,1,1,1
user_150,prod_96,3,986.88,none,2025-05-26T15:58:19.878051,gift_card,1,0,0
user_46,prod_21,1,49.68,BOGO,2025-05-03T16:11:50.263555,credit_card,0,1,1
user_30,prod_7,4,154.59,none,2025-04-10T05:28:43.202687,paypal,0,1,1
user_126,prod_90,3,426.41,BOGO,2025-06-22T18:44:20.260137,paypal,0,1,0
user_101,prod_79,4,190.4,BOGO,2025-06-18T12:54:16.421345,credit_card,1,0,1
user_144,prod_56,4,367.06,10%,2025-03-07T12:24:13.185279,credit_card,0,1,1
user_79,prod_49,2,133.45,20%,2025-06-16T14:12:08.377760,paypal,0,1,1
user_133,prod_42,2,459.23,20%,2025-01-03T18:18:36.242184,paypal,1,1,0
user_67,prod_23,1,275.34,10%,2025-04-19T11:45:45.789565,credit_card,1,0,0
user_23,prod_52,2,355.15,BOGO,2025-04-24T15:22:43.240369,gift_card,1,0,0
user_189,prod_79,2,98.84,20%,2025-01-15T06:18:03.180631,gift_card,1,1,0
user_74,prod_53,2,430.99,20%,2025-05-11T07:15:09.766108,credit_card,1,1,0
user_5,prod_16,3,983.34,20%,2025-03-16T20:03:30.995009,gift_card,0,1,0
user_151,prod_96,4,332.19,10%,2025-01-13T09:53:13.302150,paypal,0,0,1
user_82,prod_37,2,877.05,none,2025-05-23T07:04:55.774338,paypal,0,0,0
user_25,prod_18,3,843.98,none,2025-02-28T10:18:25.476095,gift_card,1,1,0
user_8,prod_20,4,952.3,none,2025-05-13T13:04:59.480529,credit_card,0,1,0
user_149,prod_46,2,791.16,none,2025-02-14T16:22:30.303875,paypal,1,0,0
user_2,prod_2,2,661.3,none,2025-04-10T13:58:51.180390,paypal,1,0,1
user_22,prod_87,4,857.3,20%,2025-05-22T12:23:30.971906,paypal,0,1,1
user_72,prod_94,3,80.27,20%,2025-03-11T17:00:53.224521,gift_card,0,0,0
user_87,prod_63,3,465.52,BOGO,2025-01-21T05:04:48.472328,credit_card,1,1,1
user_72,prod_3,1,989.31,20%,2025-03-09T02:08:40.860099,gift_card,1,1,0
user_68,prod_46,4,770.75,10%,2025-02-26T08:37:09.681203,credit_card,0,0,1
user_64,prod_49,1,962.27,BOGO,2025-02-21T03:30:04.944307,credit_card,0,1,0
user_94,prod_1,3,780.74,20%,2025-06-10T20:58:25.538039,gift_card,1,1,0
user_19,prod_22,2,875.51,BOGO,2025-04-01T23:55:16.380467,paypal,1,1,0
user_128,prod_93,1,708.0,BOGO,2025-03-29T17:10:49.361872,credit_card,1,1,0
user_87,prod_14,3,761.7,none,2025-05-22T01:50:33.593419,gift_card,1,1,1
user_82,prod_92,3,525.56,BOGO,2025-03-17T07:24:03.145504,paypal,0,1,0
user_181,prod_85,2,924.62,20%,2025-03-23T09:53:50.988847,credit_card,0,1,1
user_87,prod_45,4,825.91,none,2025-05-22T00:39:13.891179,credit_card,1,0,1
user_97,prod_96,3,844.67,20%,2025-03-29T06:51:49.036297,paypal,1,0,1
user_52,prod_6,1,674.64,none,2025-04-27T07:55:42.482645,credit_card,0,1,0
user_175,prod_65,2,308.06,20%,2025-01-20T17:58:50.319335,gift_card,1,0,1
user_82,prod_21,4,40.45,none,2025-01-16T17:36:02.121226,credit_card,1,1,1
user_182,prod_4,4,935.98,none,2025-07-06T09:34:18.074164,credit_card,1,1,1
user_172,prod_3,4,588.19,10%,2025-03-29T01:51:24.314898,paypal,1,0,0
user_97,prod_30,3,301.65,20%,2025-06-30T05:41:49.345935,gift_card,1,1,1
user_135,prod_31,4,153.39,BOGO,2025-01-22T18:01:32.425376,paypal,1,1,0
user_115,prod_34,3,830.38,none,2025-04-30T23:44:35.461159,gift_card,0,0,1
user_92,prod_83,2,837.34,20%,2025-04-16T14:42:41.915543,paypal,1,0,1
user_1,prod_20,2,815.44,none,2025-05-25T10:44:34.063074,credit_card,0,0,0
user_63,prod_87,4,646.86,10%,2025-02-27T17:27:59.865819,gift_card,0,0,0
user_167,prod_54,2,369.19,10%,2025-01-10T20:26:20.350825,gift_card,0,0,1
user_19,prod_25,1,307.55,10%,2025-05-25T19:38:21.934235,credit_card,1,0,0
user_31,prod_15,1,13.51,10%,2025-02-19T14:21:58.103255,paypal,1,1,1
user_77,prod_38,3,834.44,BOGO,2025-03-08T04:34:01.403321,gift_card,1,0,1
user_121,prod_23,4,92.0,BOGO,2025-06-18T00:44:12.606714,credit_card,0,0,0
user_24,prod_52,3,632.6,none,2025-03-28T02:43:17.202035,credit_card,0,1,0
user_69,prod_66,2,506.55,20%,2025-03-22T13:56:59.408156,gift_card,1,1,0
user_193,prod_57,4,529.06,10%,2025-01-10T23:55:18.642370,gift_card,1,0,1
user_161,prod_57,3,927.08,10%,2025-05-10T00:14:31.459981,gift_card,0,1,1
user_59,prod_79,4,36.46,BOGO,2025-05-17T03:43:07.372422,credit_card,0,1,1
user_114,prod_52,4,774.53,BOGO,2025-04-22T05:36:38.832872,paypal,0,1,0
user_161,prod_35,3,56.79,10%,2025-02-15T12:11:08.099000,paypal,1,1,0
user_160,prod_74,4,42.96,20%,2025-04-29T01:31:53.480192,gift_card,0,1,0
user_187,prod_14,2,432.67,none,2025-07-02T00:29:30.019853,credit_card,0,1,1
user_101,prod_91,1,67.76,none,2025-01-26T05:35:25.385977,credit_card,0,1,0
user_169,prod_14,1,790.2,none,2025-03-07T06:06:47.672180,gift_card,1,0,0
user_12,prod_99,4,531.92,none,2025-06-11T09:02:19.414925,credit_card,1,1,1
user_119,prod_33,1,33.89,20%,2025-04-25T23:02:02.512244,credit_card,1,0,0
user_139,prod_52,4,45.3,20%,2025-06-03T12:10:41.706300,credit_card,0,1,0
user_97,prod_1,3,614.61,20%,2025-03-19T20:22:52.043472,gift_card,0,1,1
user_147,prod_34,2,807.08,BOGO,2025-01-15T17:35:00.121462,gift_card,0,0,1
user_182,prod_19,1,440.61,10%,2025-06-30T06:28:45.096714,gift_card,0,1,1
user_57,prod_24,3,556.81,20%,2025-06-11T20:33:34.966851,paypal,1,1,1
user_42,prod_4,2,800.83,none,2025-04-20T00:16:07.079458,paypal,0,0,1
user_98,prod_36,1,612.45,20%,2025-03-19T07:03:12.259229,gift_card,0,1,1
user_199,prod_77,1,228.64,10%,2025-03-13T08:00:10.574941,credit_card,1,1,0
user_31,prod_58,2,614.99,BOGO,2025-02-10T11:09:53.411654,credit_card,0,0,0
user_180,prod_32,3,630.14,none,2025-03-18T07:05:33.553593,gift_card,0,0,1
user_2,prod_9,3,735.44,BOGO,2025-03-21T08:11:05.432231,credit_card,0,1,1
user_166,prod_80,1,622.77,20%,2025-01-19T22:47:39.809380,credit_card,1,0,0
user_32,prod_67,2,969.4,none,2025-06-06T09:07:20.367130,paypal,0,1,1
user_138,prod_20,3,201.3,none,2025-03-12T18:40:34.666757,credit_card,1,1,1
user_105,prod_74,2,951.34,20%,2025-05-28T02:46:12.696951,credit_card,0,0,0
user_136,prod_62,2,540.65,20%,2025-04-01T20:09:48.984320,gift_card,1,0,0
user_75,prod_58,1,673.6,10%,2025-05-04T15:50:40.437627,paypal,1,0,1
user_105,prod_22,2,103.96,20%,2025-01-19T01:07:38.791597,paypal,1,0,1
user_148,prod_67,2,383.67,20%,2025-03-19T11:12:50.335428,credit_card,0,1,0
user_148,prod_75,4,770.53,20%,2025-06-22T08:26:53.800569,gift_card,0,0,1
user_127,prod_89,2,708.38,none,2025-05-20T13:18:44.059357,paypal,1,0,0
user_9,prod_48,3,44.94,10%,2025-04-29T19:23:55.853822,paypal,1,1,0
user_200,prod_8,1,548.86,none,2025-04-16T06:28:06.985946,credit_card,0,1,1
user_15,prod_73,1,92.84,20%,2025-01-28T19:41:46.743764,paypal,1,1,0
user_97,prod_15,2,995.88,10%,2025-04-09T18:38:02.614407,gift_card,0,1,0
user_105,prod_32,2,897.81,20%,2025-04-21T12:25:42.437814,gift_card,0,1,0
user_63,prod_53,3,25.98,none,2025-03-31T03:22:35.404526,paypal,1,1,1
user_21,prod_67,4,859.36,none,2025-03-20T23:12:15.672410,gift_card,1,1,1
user_5,prod_4,1,919.83,20%,2025-06-26T22:49:39.997885,gift_card,0,1,1
user_125,prod_30,4,356.78,10%,2025-03-12T02:10:36.816516,credit_card,0,1,0
user_163,prod_13,3,720.9,none,2025-02-28T00:44:25.592158,paypal,0,0,0
user_85,prod_21,1,444.89,20%,2025-01-16T15:46:24.777051,paypal,1,0,1
user_196,prod_41,3,656.96,BOGO,2025-03-29T23:59:17.866161,credit_card,0,1,0
user_113,prod_19,2,343.62,20%,2025-02-03T11:41:15.358361,credit_card,1,0,0
user_176,prod_48,3,325.95,20%,2025-05-10T00:11:44.906132,credit_card,1,1,1
user_80,prod_86,2,427.31,10%,2025-02-08T05:50:45.612325,credit_card,0,1,0
user_190,prod_63,4,149.84,20%,2025-03-15T14:43:22.957811,gift_card,1,1,0
user_116,prod_20,1,831.98,BOGO,2025-02-27T01:44:26.382471,gift_card,1,1,0
user_163,prod_64,1,351.95,20%,2025-05-22T00:22:32.744326,credit_card,1,0,0
user_198,prod_37,4,403.15,BOGO,2025-06-05T06:53:39.089983,paypal,1,0,0
user_97,prod_31,2,894.58,none,2025-01-13T00:34:05.046575,paypal,0,1,0
user_21,prod_74,1,499.14,20%,2025-04-10T04:31:32.974859,paypal,0,0,1
user_80,prod_18,3,546.53,10%,2025-03-10T13:37:30.563561,credit_card,1,0,1
user_39,prod_20,2,956.72,20%,2025-03-07T15:54:12.737924,gift_card,1,1,0
user_162,prod_82,1,887.29,BOGO,2025-06-27T07:22:55.202644,gift_card,1,1,1
user_121,prod_11,3,173.62,BOGO,2025-03-02T05:42:27.692230,gift_card,1,0,1
user_124,prod_86,3,475.85,10%,2025-03-01T22:46:33.495469,gift_card,1,0,1
user_143,prod_44,1,971.44,BOGO,2025-06-20T23:37:24.303104,paypal,0,1,0
user_6,prod_82,4,375.5,20%,2025-06-05T11:32:05.622436,paypal,0,1,1
user_194,prod_64,4,374.72,BOGO,2025-01-16T04:24:10.275132,gift_card,0,0,0
user_56,prod_34,1,199.06,20%,2025-03-17T11:05:07.651083,credit_card,0,1,1
user_49,prod_87,3,118.75,20%,2025-02-13T06:08:45.166876,gift_card,1,1,1
user_92,prod_65,4,741.6,BOGO,2025-05-02T08:16:07.341074,gift_card,1,1,0
user_129,prod_55,4,771.18,10%,2025-05-15T09:50:03.329387,credit_card,0,0,1
user_65,prod_74,4,969.17,none,2025-04-09T17:57:24.340275,gift_card,0,0,0
user_28,prod_1,2,774.55,10%,2025-05-22T14:18:11.147952,paypal,0,1,1
user_100,prod_38,4,247.14,none,2025-04-07T07:35:29.772421,credit_card,1,0,1
user_148,prod_9,1,44.92,10%,2025-02-25T03:27:27.730775,credit_card,1,1,1
user_176,prod_95,1,985.51,20%,2025-03-24T06:35:58.777183,gift_card,1,0,1
user_72,prod_71,2,343.75,20%,2025-06-21T22:54:47.238998,paypal,0,0,0
user_65,prod_17,2,315.41,BOGO,2025-01-15T06:49:35.250762,paypal,0,0,0
user_51,prod_99,1,906.43,none,2025-06-24T14:47:01.687731,paypal,1,1,1
user_171,prod_52,2,587.17,none,2025-02-18T22:48:34.245233,gift_card,1,1,0
user_49,prod_18,4,218.8,BOGO,2025-01-14T14:37:28.260298,gift_card,1,1,1
user_153,prod_63,3,889.65,10%,2025-03-27T04:20:13.124917,paypal,0,0,0
user_74,prod_33,3,993.39,BOGO,2025-01-04T07:51:42.013680,gift_card,1,1,0
user_169,prod_4,3,91.25,10%,2025-05-06T20:47:41.667178,paypal,1,1,0
user_199,prod_87,1,862.94,BOGO,2025-04-22T05:01:16.874082,gift_card,0,1,1
user_192,prod_75,2,393.56,none,2025-02-22T21:59:26.771313,credit_card,1,1,0
user_189,prod_52,3,526.45,none,2025-01-24T13:28:22.991592,credit_card,1,0,0
user_12,prod_9,4,915.24,10%,2025-05-29T06:10:47.051628,gift_card,1,1,1
user_104,prod_64,4,973.51,none,2025-04-13T00:22:09.348080,gift_card,1,1,1
user_81,prod_30,4,265.85,none,2025-03-06T00:28:09.118035,paypal,0,0,1
user_197,prod_8,2,216.79,none,2025-06-27T17:12:43.451429,credit_card,1,1,0
user_127,prod_5,3,85.11,none,2025-02-27T21:14:46.895102,paypal,0,0,0
user_14,prod_76,4,563.99,20%,2025-04-20T16:46:19.848716,gift_card,1,0,0
user_34,prod_63,2,18.54,BOGO,2025-03-21T23:03:37.637842,paypal,0,0,0
user_48,prod_1,4,414.84,BOGO,2025-02-04T20:06:35.646212,paypal,1,1,0
user_61,prod_15,3,78.02,20%,2025-05-06T22:51:25.885602,gift_card,1,0,0
user_35,prod_89,3,408.2,none,2025-05-13T21:09:15.747320,credit_card,0,0,1
user_119,prod_82,3,44.73,BOGO,2025-06-26T03:19:28.860710,paypal,1,0,0
user_65,prod_38,3,836.04,BOGO,2025-04-15T15:17:31.575655,gift_card,1,1,0
user_59,prod_42,3,213.69,BOGO,2025-03-01T11:40:02.146478,paypal,0,0,0
user_36,prod_46,4,331.67,10%,2025-06-08T06:28:25.393230,gift_card,1,0,1
user_147,prod_53,3,870.7,20%,2025-01-26T06:55:52.435303,gift_card,1,0,0
user_42,prod_26,4,747.53,10%,2025-06-08T21:21:48.745301,gift_card,1,1,1
user_69,prod_61,3,222.94,10%,2025-05-29T12:13:10.439414,credit_card,1,0,0
user_147,prod_67,4,76.54,20%,2025-06-02T22:36:17.264378,credit_card,1,0,1
user_107,prod_54,3,717.1,BOGO,2025-06-23T23:49:29.967921,gift_card,0,1,1
user_39,prod_22,4,393.75,10%,2025-05-26T13:18:44.879111,credit_card,0,1,1
user_69,prod_26,3,767.25,BOGO,2025-03-06T20:21:14.175134,paypal,1,1,0
user_180,prod_83,2,448.07,10%,2025-06-28T23:32:09.123093,credit_card,1,0,1
user_12,prod_60,4,349.27,BOGO,2025-04-17T08:34:09.967134,credit_card,0,0,0
user_83,prod_39,2,453.95,none,2025-02-13T13:33:25.338449,paypal,0,0,1
user_175,prod_36,4,749.82,none,2025-01-25T19:40:40.108284,paypal,0,0,0
user_36,prod_21,4,902.71,none,2025-04-13T01:01:29.553942,paypal,0,1,1
user_126,prod_41,4,54.52,20%,2025-05-13T12:48:16.967469,gift_card,0,0,1
user_63,prod_48,1,526.49,none,2025-05-18T23:25:29.066372,paypal,0,1,0
user_76,prod_26,3,37.67,10%,2025-05-11T14:19:30.745613,paypal,1,0,1
user_82,prod_63,2,471.07,BOGO,2025-05-07T07:18:28.954737,paypal,1,0,0
user_51,prod_77,2,885.86,BOGO,2025-04-30T01:34:43.338211,gift_card,1,0,1
user_43,prod_36,4,364.78,BOGO,2025-04-06T02:32:29.560045,credit_card,1,1,1
user_34,prod_24,2,932.79,BOGO,2025-02-11T11:27:50.837085,gift_card,1,1,0
user_97,prod_90,2,632.46,10%,2025-01-31T07:19:27.584027,credit_card,0,1,0
user_49,prod_21,2,934.48,BOGO,2025-05-22T00:33:32.479729,paypal,0,1,0
user_146,prod_18,2,758.38,10%,2025-03-21T15:56:04.729296,gift_card,0,0,1
user_125,prod_15,1,107.92,10%,2025-04-13T06:10:21.588924,gift_card,0,0,0
user_189,prod_79,4,235.0,BOGO,2025-04-04T13:13:06.105605,credit_card,0,0,0
user_57,prod_6,2,397.2,BOGO,2025-04-11T14:41:11.667357,gift_card,0,0,1
user_93,prod_43,1,174.26,BOGO,2025-05-01T23:12:02.339799,gift_card,1,0,0
user_109,prod_31,1,497.44,10%,2025-01-08T00:50:09.695662,credit_card,1,1,0
user_5,prod_28,4,474.01,20%,2025-05-17T00:46:48.552398,gift_card,0,1,1
user_24,prod_8,3,956.48,10%,2025-03-15T05:29:34.054768,gift_card,1,0,1
user_192,prod_29,3,436.56,20%,2025-04-23T08:47:30.727161,paypal,0,0,1
user_59,prod_21,3,786.7,BOGO,2025-03-27T13:25:06.815301,paypal,1,0,1
user_38,prod_81,2,942.2,10%,2025-03-15T20:57:30.252080,paypal,0,0,1
user_161,prod_88,4,877.6,BOGO,2025-01-15T18:21:36.079080,paypal,0,1,0
user_10,prod_58,3,212.62,20%,2025-05-23T18:12:58.363639,paypal,1,0,1
user_165,prod_60,2,498.55,20%,2025-02-13T01:39:51.666597,gift_card,0,0,1
user_126,prod_50,4,351.0,10%,2025-04-14T16:09:06.782656,gift_card,1,0,1
user_11,prod_100,2,402.86,10%,2025-05-08T13:00:50.055793,paypal,1,0,0
user_24,prod_31,3,364.0,10%,2025-05-14T09:46:38.965026,credit_card,0,1,0
user_88,prod_47,3,827.23,10%,2025-02-23T12:49:22.750153,paypal,0,0,0
user_199,prod_34,1,454.88,none,2025-05-05T05:16:02.780046,gift_card,0,1,0
user_114,prod_2,1,526.08,none,2025-04-25T04:24:35.221936,credit_card,1,1,1
user_21,prod_67,4,982.54,BOGO,2025-05-13T04:17:32.544096,paypal,1,0,1
user_148,prod_94,2,64.68,20%,2025-05-17T06:08:53.766470,credit_card,0,0,1
user_10,prod_72,2,490.52,20%,2025-06-15T12:11:54.928279,paypal,0,0,0
user_175,prod_52,3,775.19,BOGO,2025-06-25T11:50:43.263253,gift_card,0,0,1
user_175,prod_7,3,155.41,BOGO,2025-01-04T00:51:21.799217,paypal,0,0,0
user_143,prod_76,4,613.47,BOGO,2025-03-13T04:14:13.478846,credit_card,0,1,0
user_172,prod_19,1,243.27,none,2025-05-17T14:26:27.416093,gift_card,0,1,0
user_190,prod_90,3,868.07,BOGO,2025-06-05T03:06:21.798499,paypal,0,1,1
user_134,prod_92,2,330.46,20%,2025-01-09T00:39:45.960185,paypal,1,1,1
user_66,prod_15,3,332.42,BOGO,2025-06-20T00:35:41.331461,paypal,1,1,1
user_122,prod_78,1,600.2,10%,2025-06-19T06:33:37.500134,paypal,0,0,1
user_132,prod_48,2,187.65,20%,2025-01-31T03:51:45.454625,gift_card,0,0,0
user_23,prod_14,1,288.46,20%,2025-05-20T14:40:47.181668,gift_card,1,1,1
user_13,prod_3,4,419.55,20%,2025-05-27T17:59:44.027937,paypal,0,0,0
user_159,prod_50,4,356.87,none,2025-05-28T06:50:02.969567,gift_card,1,0,0
user_16,prod_93,1,527.25,none,2025-02-06T18:09:36.754972,credit_card,1,1,0
user_41,prod_54,2,601.64,20%,2025-04-29T22:40:23.565513,gift_card,0,1,0
user_1,prod_6,1,568.83,10%,2025-02-13T18:12:30.646007,credit_card,1,1,0
user_111,prod_49,3,655.9,20%,2025-06-13T01:09:00.173770,credit_card,1,0,0
user_12,prod_23,3,311.21,none,2025-05-30T13:50:29.629054,gift_card,0,1,0
user_119,prod_92,1,130.79,10%,2025-02-12T17:15:03.115254,paypal,0,1,1
user_184,prod_78,3,762.0,20%,2025-03-26T17:16:14.449069,gift_card,1,0,1
user_178,prod_78,1,851.53,none,2025-03-26T05:04:02.548311,credit_card,0,0,0
user_20,prod_20,3,260.72,10%,2025-04-19T22:45:45.547200,credit_card,1,1,1
user_194,prod_77,1,410.06,BOGO,2025-06-03T17:20:33.014530,gift_card,1,0,1
user_36,prod_91,3,501.08,BOGO,2025-03-22T12:30:32.693969,credit_card,1,1,1
user_79,prod_60,2,535.66,20%,2025-02-19T12:07:24.800269,gift_card,1,0,1
user_166,prod_99,2,661.19,BOGO,2025-03-31T19:07:29.274006,gift_card,1,1,0
user_150,prod_45,3,46.4,none,2025-06-14T18:39:01.983640,paypal,1,0,1
user_108,prod_61,1,722.87,10%,2025-06-12T19:11:06.808069,credit_card,0,0,0
user_189,prod_56,3,66.66,20%,2025-04-07T09:12:55.636865,gift_card,0,0,0
user_178,prod_2,4,470.95,10%,2025-02-03T23:57:54.807943,credit_card,0,1,1
user_96,prod_45,4,828.53,10%,2025-04-24T10:14:22.513551,gift_card,0,1,1
user_59,prod_40,1,453.96,10%,2025-02-28T03:37:15.986032,gift_card,1,1,0
user_20,prod_24,3,153.34,none,2025-05-14T12:49:39.266328,paypal,1,0,0
user_164,prod_29,3,985.11,20%,2025-02-06T15:26:25.803365,gift_card,1,0,1
user_126,prod_67,2,889.84,BOGO,2025-07-06T19:28:53.177515,paypal,1,0,1
user_97,prod_68,1,772.46,10%,2025-02-17T18:36:08.344032,credit_card,1,1,0
user_143,prod_66,4,414.45,10%,2025-04-25T13:44:08.416796,paypal,0,0,1
user_62,prod_84,4,187.93,10%,2025-04-20T03:56:35.566410,paypal,0,1,0
user_131,prod_54,1,941.7,none,2025-01-18T19:26:52.695804,credit_card,0,1,0
user_93,prod_53,4,534.69,BOGO,2025-04-26T15:53:52.030542,paypal,1,1,0
user_91,prod_79,1,853.09,10%,2025-03-30T12:36:36.594479,paypal,1,1,0
user_133,prod_49,4,345.38,none,2025-01-27T22:38:52.642962,gift_card,0,1,1
user_123,prod_32,4,338.61,none,2025-05-12T14:46:11.049956,paypal,1,0,0
user_184,prod_61,1,985.61,10%,2025-04-22T11:14:09.701340,gift_card,1,0,0
user_159,prod_42,1,524.22,10%,2025-06-30T03:17:09.671517,paypal,0,0,1
user_86,prod_1,4,144.99,none,2025-01-23T09:36:09.140434,credit_card,1,0,1
user_163,prod_63,4,223.58,none,2025-04-11T21:45:34.236881,credit_card,0,0,0
user_118,prod_35,2,484.53,10%,2025-03-03T17:34:03.792202,paypal,0,0,1
user_199,prod_51,3,47.26,none,2025-05-26T14:00:01.418195,gift_card,0,1,1
user_198,prod_71,1,465.22,none,2025-03-18T22:23:48.941286,paypal,0,0,0
user_26,prod_45,1,421.85,10%,2025-02-14T18:27:55.612529,gift_card,1,1,1
user_118,prod_77,3,780.44,10%,2025-01-07T14:16:48.679978,paypal,1,1,1
user_1,prod_65,2,358.17,20%,2025-06-16T19:15:51.851861,credit_card,1,1,1
user_7,prod_14,4,982.64,BOGO,2025-04-06T21:02:46.799520,credit_card,0,1,1
user_164,prod_93,4,184.87,10%,2025-04-27T14:43:14.918365,gift_card,1,1,1
user_76,prod_3,2,593.03,10%,2025-03-14T17:23:57.303906,paypal,0,0,0
user_87,prod_24,2,94.25,10%,2025-03-27T14:46:09.409485,gift_card,1,0,1
user_153,prod_65,3,735.19,BOGO,2025-04-09T19:24:02.976028,credit_card,1,0,0
user_94,prod_48,3,994.78,20%,2025-02-15T23:57:38.283585,gift_card,0,1,0
user_187,prod_10,4,820.04,none,2025-03-31T12:33:20.086948,paypal,1,0,1
user_61,prod_13,2,557.93,BOGO,2025-03-14T14:27:59.777230,gift_card,0,0,1
user_29,prod_100,2,487.32,10%,2025-02-17T14:35:49.644181,paypal,0,1,1
user_95,prod_73,4,835.85,10%,2025-01-18T19:33:12.845369,paypal,1,1,1
user_18,prod_14,4,936.29,20%,2025-06-18T05:29:00.869517,credit_card,1,0,1
user_41,prod_100,4,989.26,20%,2025-04-16T15:42:47.429816,paypal,1,1,1
user_147,prod_10,4,399.56,20%,2025-05-07T10:13:27.351715,paypal,1,1,1
user_132,prod_40,4,990.96,none,2025-06-19T04:45:09.762716,paypal,0,1,1
user_193,prod_23,3,160.15,BOGO,2025-06-03T01:08:30.909193,gift_card,0,0,1
user_41,prod_99,4,257.28,BOGO,2025-04-06T17:26:28.806562,credit_card,1,1,1
user_123,prod_55,2,93.57,20%,2025-06-08T15:55:26.826261,gift_card,1,1,1
user_143,prod_63,1,275.38,none,2025-01-25T21:55:19.884305,gift_card,1,1,1
user_182,prod_71,3,769.1,BOGO,2025-05-15T08:21:52.965579,credit_card,0,1,0
user_192,prod_42,2,853.66,10%,2025-06-24T12:36:39.734488,gift_card,1,1,1
user_200,prod_99,1,780.0,10%,2025-03-16T20:53:48.405744,gift_card,0,0,0
user_143,prod_66,3,632.91,10%,2025-06-09T04:18:57.639956,paypal,1,0,0
user_178,prod_79,4,516.4,BOGO,2025-02-07T03:11:46.822465,gift_card,1,1,1
user_22,prod_73,3,710.16,20%,2025-03-08T12:24:50.611573,credit_card,0,1,0
user_146,prod_47,4,393.88,10%,2025-06-30T00:41:59.806829,gift_card,0,0,1
user_80,prod_81,4,842.1,20%,2025-05-03T07:26:43.966329,paypal,1,0,1
user_130,prod_52,4,678.8,none,2025-05-30T11:36:10.100827,gift_card,0,1,0
user_36,prod_18,1,699.32,10%,2025-05-13T08:07:52.510565,credit_card,0,1,1
user_20,prod_79,3,538.26,none,2025-01-01T13:07:06.869298,paypal,1,0,0
user_144,prod_18,4,885.8,20%,2025-02-01T09:53:17.906410,gift_card,0,1,0
user_67,prod_24,2,255.75,BOGO,2025-04-28T00:08:46.318659,credit_card,0,1,1
user_120,prod_23,3,384.24,20%,2025-03-16T08:56:57.130179,credit_card,1,0,0
user_158,prod_12,2,778.75,10%,2025-06-09T10:07:08.606778,gift_card,1,0,0
user_55,prod_23,1,495.29,10%,2025-02-06T17:54:19.879532,gift_card,0,0,1
user_66,prod_21,1,889.77,20%,2025-02-22T09:19:21.159387,paypal,1,0,0
user_26,prod_64,3,349.67,10%,2025-05-14T18:18:11.271053,gift_card,0,1,1
user_185,prod_90,1,372.48,10%,2025-01-08T00:31:23.700436,paypal,0,1,1
user_197,prod_72,1,889.29,none,2025-04-14T00:56:18.563323,gift_card,0,1,1
user_130,prod_94,3,467.05,BOGO,2025-02-27T17:59:52.599754,credit_card,1,1,1
user_56,prod_34,2,518.54,20%,2025-01-25T08:34:56.742992,credit_card,0,0,0
user_190,prod_2,4,336.1,none,2025-04-04T15:46:02.581797,credit_card,0,0,1
user_34,prod_69,3,280.29,10%,2025-05-23T21:47:25.971355,credit_card,0,1,0
user_56,prod_31,3,657.67,none,2025-01-28T20:52:27.667637,paypal,1,1,0
user_55,prod_97,4,124.24,BOGO,2025-06-14T14:23:22.735730,credit_card,1,1,1
user_20,prod_68,2,879.88,20%,2025-06-29T04:13:49.738222,paypal,1,0,1
user_50,prod_70,4,780.31,BOGO,2025-03-17T07:16:26.310384,paypal,0,0,1
user_153,prod_87,4,194.79,BOGO,2025-04-06T19:41:36.460430,paypal,0,0,0
user_84,prod_19,2,695.55,none,2025-04-06T20:01:31.478604,gift_card,1,1,1
user_153,prod_72,2,604.62,none,2025-06-25T13:18:34.577496,paypal,0,1,0
user_53,prod_13,4,188.61,BOGO,2025-02-11T13:33:00.174159,gift_card,0,1,1
user_142,prod_65,4,276.84,10%,2025-04-01T18:57:27.561566,paypal,0,0,1
user_188,prod_6,3,411.94,20%,2025-02-15T21:21:41.735329,gift_card,0,1,0
user_111,prod_71,2,700.75,10%,2025-06-19T06:07:29.252091,gift_card,1,0,0
user_171,prod_27,1,640.53,10%,2025-01-21T04:34:12.778440,credit_card,1,1,1
user_190,prod_79,2,534.57,20%,2025-04-25T21:53:26.103617,paypal,1,1,1
user_112,prod_52,4,769.57,none,2025-02-24T14:15:06.210871,gift_card,0,0,1
user_69,prod_98,4,759.15,10%,2025-05-27T22:25:27.880333,credit_card,0,0,0
user_191,prod_87,4,619.77,none,2025-03-30T07:36:27.436800,paypal,1,1,1
user_2,prod_48,4,788.06,20%,2025-03-04T23:07:12.635030,credit_card,1,0,1
user_182,prod_88,1,337.59,10%,2025-02-16T12:15:24.715343,gift_card,1,0,0
user_16,prod_79,2,881.84,none,2025-05-12T02:19:22.827335,credit_card,0,0,1
user_183,prod_99,1,616.84,none,2025-04-16T14:50:13.232167,credit_card,1,0,0
user_94,prod_68,1,823.25,10%,2025-06-14T12:34:47.403033,paypal,0,0,0
user_171,prod_44,4,548.55,20%,2025-03-21T02:27:28.103595,gift_card,1,1,1
user_189,prod_17,1,222.35,BOGO,2025-02-26T23:14:40.485168,paypal,0,1,1
user_166,prod_95,4,544.7,none,2025-02-03T01:03:45.305899,paypal,0,1,0
user_45,prod_38,4,374.26,20%,2025-04-29T19:45:40.520734,credit_card,1,1,0
user_126,prod_10,4,699.01,10%,2025-03-17T16:09:05.001525,gift_card,0,0,1
user_179,prod_54,1,478.41,none,2025-02-03T06:25:33.628944,paypal,0,1,0
user_170,prod_91,4,836.93,none,2025-04-02T15:16:52.211854,gift_card,1,0,0
user_24,prod_6,1,679.68,none,2025-04-21T17:10:14.582640,paypal,1,1,1
user_115,prod_6,2,686.12,20%,2025-05-15T08:02:46.589214,credit_card,1,1,0
